[{"id":2131,"name":"Grass Sabik - 1 Paket Isi 3 Pcs Kaos Distro Motif Tulisan Jepang Kaos Santai Baju Premium Unisex","url":"https://s.shopee.co.id/AKSr5u8jy9","price":125500,"price_original":251000,"discount":50,"image_primary":"https://cf.shopee.co.id/file/id-11134207-7rasj-m49as624w2gef5"},{"id":2132,"name":"OLBB Baju Kaos Pria Anime | Cotton Combed 24s | Kaos Dragonball | Kaos Distro Pria Premium | DGB","url":"https://s.shopee.co.id/AA9Qtb9NJ8","price":117410,"price_original":199000,"discount":41,"image_primary":"https://cf.shopee.co.id/file/id-11134207-7r98o-ll1vk3ur0vi7eb"},{"id":2133,"name":"STARER Kaos T-Shirt Unisex Pria Wanita Distro Lengan Pendek Basic Polos Baju Sablon Kubus Rubik 0098","url":"https://s.shopee.co.id/8V1CuXFigq","price":50398,"price_original":179993,"discount":72,"image_primary":"https://cf.shopee.co.id/file/id-11134207-7rasj-m0rh9crx5jws8b"},{"id":2134,"name":"STARER Kaos Distro Lengan Pendek Vintage Cotton Black T-Shirt Oversize Pria Baju Sablon Oblong 0076","url":"https://s.shopee.co.id/7AVpK5KnOi","price":50400,"price_original":180000,"discount":72,"image_primary":"https://cf.shopee.co.id/file/id-11134207-7rasf-m1b3btvmcalh58"},{"id":2135,"name":"STARER Kaos T-Shirt Unisex Pria Wanita Distro Lengan Pendek Polos Cotton Baju Sablon Luffy 0095","url":"https://s.shopee.co.id/70CP7mLQjh","price":50400,"price_original":180000,"discount":72,"image_primary":"https://cf.shopee.co.id/file/id-11134207-7rasm-m0u97zreuv7if3"},{"id":2136,"name":"STARER Kaos Oversize Pria Wanita Distro Lengan Pendek Cotton Lembut Uniseks T-Shirt  Baju Combed Fit Sablon Duck 0048","url":"https://s.shopee.co.id/6psyvTM44g","price":50400,"price_original":180000,"discount":72,"image_primary":"https://cf.shopee.co.id/file/id-11134207-7rasf-m1e20zlljvtzca"},{"id":2137,"name":"STARER Kaos Oversize Pria Distro Lengan Pendek Cotton Lembut T-Shirt Baju Combed Fit Sablon 0059","url":"https://s.shopee.co.id/6fZYjAMhPf","price":50400,"price_original":180000,"discount":72,"image_primary":"https://cf.shopee.co.id/file/id-11134207-7ras9-m444rwcv9zmh6a"},{"id":2138,"name":"STARER Kaos Distro T-shirt Basic Polos Cotton Pria Dan Wanita Lengan Pendek Baju Sablon 0122","url":"https://s.shopee.co.id/7plW7JIG2u","price":40600,"price_original":145000,"discount":72,"image_primary":"https://cf.shopee.co.id/file/sg-11134201-7rdyt-m1cfk33pa2wq68"},{"id":2142,"name":"Mode One Kaos Oversize Distro Haha Ha - Baju Heavyweight Katun 16s Atasan Unisex","url":"https://s.shopee.co.id/3LJ6l3DbZH","price":147390,"price_original":289000,"discount":49,"image_primary":"https://cf.shopee.co.id/file/id-11134207-7rasm-m56yvdog8hcjf7"},{"id":2143,"name":"SHOUTOUT 631 / SURBAYA HARDCORE / KAOS DISTRO MUSIK BAND METAL PUNK KAOS DISTRO PRIA WANITA BAJU KAOS T SHIRT PRIA KAOS SHOUTOUT 631 COWOK BAJU KAOS UNISEX - Surabaya hardcore Musik / Kaos band hardcore Beatdown /kaos sbhc","url":"https://s.shopee.co.id/4LBdwt9nXV","price":39600,"price_original":110000,"discount":64,"image_primary":"https://cf.shopee.co.id/file/id-11134207-7ras9-m555kgdum7t2d4"},{"id":2144,"name":"Monochrome Kaos Pria Lengan Pendek Cotton T-Shirt Baju Distro Chromium","url":"https://s.shopee.co.id/6VG8WsEXiO","price":94980,"price_original":143909,"discount":34,"image_primary":"https://cf.shopee.co.id/file/id-11134207-7ras9-m2dl8e62726b9e"},{"id":2145,"name":"T-shirt Distro Baju Distro Pria Keren / Kaos Distro Pria Keren / Baju Cowok Keren / Kaos Distro pria","url":"https://s.shopee.co.id/60JrvxGRjL","price":33600,"price_original":48000,"discount":30,"image_primary":"https://cf.shopee.co.id/file/id-11134207-81ztp-mfpe4mhkzc3t9e"},{"id":2146,"name":"Kaos pria distro | kaos distro tangan pendek | kaos terbaru | baju kaos lengan pendek","url":"https://s.shopee.co.id/70CP7nCdhZ","price":35750,"price_original":55000,"discount":35,"image_primary":"https://cf.shopee.co.id/file/id-11134207-81ztc-mfpe4mhl962x49"},{"id":2147,"name":"T-shirt Distro Baju Distro Pria Keren / Kaos Distro Pria Keren / Baju Cowok Keren / Kaos Distro","url":"https://s.shopee.co.id/6psyvUDH2Y","price":33950,"price_original":48500,"discount":30,"image_primary":"https://cf.shopee.co.id/file/id-11134207-81ztp-mfl2jz5kr30rfa"},{"id":2149,"name":"BUY 1 GET 3 PCS (PROMO COD) Distro Stone Kaos Distro Pria Keren Bahan Cotton 100% Quality - Kaos Cowok Cewek Terbaru Logo Print GRT NY MSN Gold","url":"https://s.shopee.co.id/AKSr5vCfRV","price":40000,"price_original":85106,"discount":53,"image_primary":"https://cf.shopee.co.id/file/id-11134207-7rbka-m7o3kaog5j8088"},{"id":2151,"name":"100 Dapat 4 Pcs Kaos Pria Distro Simpel Terbaru 2025/Kaos Distro Pria Keren/Kaos Cowok Distro","url":"https://s.shopee.co.id/12emvq0Pb","price":70000,"price_original":200000,"discount":65,"image_primary":"https://cf.shopee.co.id/file/id-11134207-7r98s-ls753m0h8ox375"},{"id":2152,"name":"KAOS DISTRO BAJU KAOS PRIA BAJU PRIA PAKAIAN PRIA KAOS ATASAN PRIA KAOS  PRIA","url":"https://s.shopee.co.id/8AOMVzp7XS","price":48060,"price_original":89000,"discount":46,"image_primary":"https://cf.shopee.co.id/file/id-11134207-7ras8-m549ex5fxg5y32"},{"id":2153,"name":"Promo Beli 1 Dapat 3 Pcs Kaos Kerah Polo | Kardinal | Loiz | Kaos Polo Distro | Kaos Lengan Pendek","url":"https://s.shopee.co.id/804wJgpksR","price":89718,"price_original":140184,"discount":36,"image_primary":"https://cf.shopee.co.id/file/id-11134207-7rask-m3g50ogc6nse00"},{"id":2155,"name":"YONTIK {100% COTTON 24S} Kaos Distro Unisex Original Motif \"WALKING MAN\" Katun 24S Cewe Cowo Basic Style Crewneck Baju Nyaman Pasangan Lembut Oblong Panjang Atasan Dewasa Keren Cewek Pendek  Polos Oversize Combed Atasan Wanita Pria Terbaru","url":"https://s.shopee.co.id/4q7uXsEs8U","price":68400,"price_original":95000,"discount":28,"image_primary":"https://cf.shopee.co.id/file/id-11134207-7ra0h-mbdronk0kqhq15"},{"id":2156,"name":"(cod))!!! kaos distro CARDINAL | T-Shirt Oblong | Kaos Lengan Pendek | Baju Pria Wanita cotton combed 24s","url":"https://s.shopee.co.id/3AzgYoLDWC","price":75620,"price_original":199000,"discount":62,"image_primary":"https://cf.shopee.co.id/file/id-11134207-8224y-mgnhtucb0f7s58"},{"id":2157,"name":"Lasting T-Shirt Riven Hijau Tosca Kaos Distro / Baju Lasting Cloth","url":"https://s.shopee.co.id/30gGMVLqrB","price":74000,"price_original":185000,"discount":60,"image_primary":"https://cf.shopee.co.id/file/4a24659f8ffcc55e7381735937bf5a7a"},{"id":2158,"name":"Lasting T-Shirt  Maroon  Yan-Ri Kaos Distro / Baju Lasting Cloth","url":"https://s.shopee.co.id/2qMqACMUCA","price":83598,"price_original":185773,"discount":55,"image_primary":"https://cf.shopee.co.id/file/b0971c94fe6bb789dd7d1145151593da"},{"id":2159,"name":"Baju Kaos Rucas Terbaru Casual Premium Distro / T-shirt Lengan Pendek Motif Sablon Rucas TerbaruPakaian Berkualitas kaos  Dasar Pria Kaos Santai Kaos Hipster Kaos yang dicetak t-shirt  Pjilcpgznsl","url":"https://s.shopee.co.id/2g3PxtN7X9","price":59999,"price_original":199997,"discount":70,"image_primary":"https://cf.shopee.co.id/file/sg-11134201-7rdyw-mcx098b6sr2882"},{"id":2160,"name":"KRMK Kaos T Shirt Baju Distro Unisex Gambar Anime One Piece MONKEY D LUFFY NIKA GEAR 5 FIFTH V2","url":"https://s.shopee.co.id/3fvx9jJJVN","price":79999,"price_original":129031,"discount":38,"image_primary":"https://cf.shopee.co.id/file/id-11134207-81ztm-mf7qqi6s2qrw4c"},{"id":2161,"name":"EASTMOVIN Rakia Pouch Tas Tangan Pria Wanita Handbag Original Cowok Biru Navy Kanvas & Kulit Asli","url":"https://s.shopee.co.id/8KhmiJasoT","price":199500,"price_original":350000,"discount":43,"image_primary":"https://cf.shopee.co.id/file/5b01504bfb619489457dd6fe40fb290f"},{"id":2162,"name":"Tas Tangan Handbag Clutch Eastmovin Oliver Pouch Cewek Cowok Biru Navy Kanvas TEBAL Kulit ASLI","url":"https://s.shopee.co.id/8AOMW0bW9S","price":199500,"price_original":350000,"discount":43,"image_primary":"https://cf.shopee.co.id/file/id-11134207-8224v-mgh9dhauww0be3"},{"id":2163,"name":"Oneskin Eksklusif Pouch | Synthetic Leather Pouch","url":"https://s.shopee.co.id/5L4B8nz5fb","price":14025,"price_original":37905,"discount":63,"image_primary":"https://cf.shopee.co.id/file/id-11134207-7r98u-lwf56ncrg0zh87"},{"id":2164,"name":"ALBA PROJECT Official - Handbag SAKHA \"5 in one\" -Tas Selempang Pria Sling Bag Multyfungsi 3 in 1 Clutch Bag Cowok Waterproof Hand Bag Anti Air Sling Bag Kulit Waistbag Terbaru","url":"https://s.shopee.co.id/AUmHIIfQBc","price":158000,"price_original":395000,"discount":60,"image_primary":"https://cf.shopee.co.id/file/id-11134207-7r98o-lkoxx9kn2omj45"},{"id":2166,"name":"VERMONT H001 Clutch Unisex Kulit Asli","url":"https://s.shopee.co.id/9zq0hNhKCZ","price":1609300,"price_original":2299000,"discount":30,"image_primary":"https://cf.shopee.co.id/file/id-11134207-7r991-lzhu36fyb2mg1e"},{"id":2167,"name":"ALBA PROJECT Official - Handbag Renzi Tas Selempang Pria Sling Bag Multyfungsi 3 in 1 Clutch Bag Cowok Waterproof Hand Bag Anti Air Sling Bag Kulit Waistbag Terbaru","url":"https://s.shopee.co.id/9pWaV4hxXY","price":158000,"price_original":395000,"discount":60,"image_primary":"https://cf.shopee.co.id/file/id-11134207-7r98o-lkoxx9kn1a23dc"},{"id":2169,"name":"Handbag Clutch Kulit Pria Anti Air Multifungsi 3 in 1 Sling Bag Pria Waterproof Pouch Bag Pria","url":"https://s.shopee.co.id/9Utk6SjEDW","price":117245,"price_original":198720,"discount":41,"image_primary":"https://cf.shopee.co.id/file/id-11134207-7rbk8-m92gzzxbib8e56"},{"id":2170,"name":"ALBA PROJECT - Handbag GAVIN - Clutch Bag Pria - Sling Bag Pria - Tas Multifungsi","url":"https://s.shopee.co.id/9KaJu9jrYV","price":155000,"price_original":418919,"discount":63,"image_primary":"https://cf.shopee.co.id/file/id-11134207-7qul5-lf3uu4tmf89s12"},{"id":2172,"name":"Clutch Wanita 3 Ruang Kulit Sintetis Bisa Selempang Muat HP Ada Tali Panjang & Pendek","url":"https://s.shopee.co.id/10vByqFaTB","price":107519,"price_original":179198,"discount":40,"image_primary":"https://cf.shopee.co.id/file/id-11134207-7ra0p-mcf9gs3hm0qt02"},{"id":2174,"name":"HandBag Clutch Kulit Pria Elegan Free Box","url":"https://s.shopee.co.id/50RKkC0MM5","price":299999,"price_original":599998,"discount":50,"image_primary":"https://cf.shopee.co.id/file/id-11134207-7ra0p-mb9x5uo9qihwa3"},{"id":2177,"name":"MONTRAV - Sling Phone - Pouch Wallet - Dompet Hp - Kage - Waterproof Anti Air","url":"https://s.shopee.co.id/804wJjt9JY","price":40600,"price_original":58000,"discount":30,"image_primary":"https://cf.shopee.co.id/file/sg-11134201-22090-5v0xcatssthvc1"},{"id":2178,"name":"EASTMOVIN Rakia Pouch Tas Tangan Pria Wanita Original Handbag Cowok Black Kanvas TEBAL & Kulit ASLI","url":"https://s.shopee.co.id/8V1CuerFIh","price":225000,"price_original":351563,"discount":36,"image_primary":"https://cf.shopee.co.id/file/0954a1376d58cfa7adfa81b7c6ef6e29"},{"id":2180,"name":"Tas Tangan Handbag Clutch Eastmovin Oliver Pouch Cewek Cowok Hitam Kanvas TEBAL & Kulit ASLI","url":"https://s.shopee.co.id/8pe3JGpycn","price":235000,"price_original":350746,"discount":33,"image_primary":"https://cf.shopee.co.id/file/af3c2dc38dc8eab43c7a74c1bc23a408"},{"id":2182,"name":"ALBA PROJECT Official - Handbag Genzo Max Tas Clutch Pria Tahan Air I Tas Hand Bag Pria Multifungsi I Tas Dompet Pria | Sling Bag Pria","url":"https://s.shopee.co.id/VyvNxLhXP","price":152000,"price_original":253333,"discount":40,"image_primary":"https://cf.shopee.co.id/file/sg-11134201-23020-w12gn54mj5mv9b"},{"id":2183,"name":"Hi One - Tas Clutch Bag Pria Multifungsi","url":"https://s.shopee.co.id/qblmZKQrV","price":55000,"price_original":100000,"discount":45,"image_primary":"https://cf.shopee.co.id/file/id-11134207-8224w-mgoybzldoj6784"},{"id":2184,"name":"Hi One - Tas Handbag Pria Multifungsi All In One Anti Air Tas Selempang Pria Clucth Bag Tas Tangan Pria Hand Bag Tas Slempang Cowok Kulit Waterproof","url":"https://s.shopee.co.id/10vBysJnWY","price":55000,"price_original":96491,"discount":43,"image_primary":"https://cf.shopee.co.id/file/id-11134207-8224q-mgoybzldlq1b86"},{"id":2185,"name":"Alba Project Hand Bag Axta Tas Multifungsi 3 in 1 Clutch Bag Hand bag Sling Bag Pouch Bag Tas Selempang Pria Tas Anti Air","url":"https://s.shopee.co.id/40YnYO8NRA","price":122050,"price_original":393710,"discount":69,"image_primary":"https://cf.shopee.co.id/file/id-11134207-7r991-ls3pe2fffxl91b"},{"id":2186,"name":"Hi One - Tas Travel Pouch Clutch Pria Casual Hand Bag Slempang Cowok Waterproof Warna Hitam","url":"https://s.shopee.co.id/4LBdx076lG","price":55000,"price_original":137500,"discount":60,"image_primary":"https://cf.shopee.co.id/file/id-11134207-8224w-mgoybzldkbgvf8"},{"id":2187,"name":"Fansy Kellan Clutch multifungsi 3 in 1 Hanging Wallet Slingbag waterproof","url":"https://s.shopee.co.id/8V1Cuf4Re3","price":82000,"price_original":190698,"discount":57,"image_primary":"https://cf.shopee.co.id/file/id-11134207-7ra0t-mc9hrl6y9g495a"},{"id":2188,"name":"FANSY CALE - HANDBAG CLUTCH MULTIFUNGSI TAS SELEMPANG PRIA WANITA WATERPROOF","url":"https://s.shopee.co.id/7KpFWW8t0q","price":125000,"price_original":403226,"discount":69,"image_primary":"https://cf.shopee.co.id/file/id-11134207-7rbka-m9e9cvfuncor44"},{"id":2189,"name":"Promo Exclusive Original HIGHMORE HEXA Tas Selempang Pria Multifungsi Clutchbag Handbag Waterproof","url":"https://s.shopee.co.id/70CP7uA9gs","price":49197,"price_original":149082,"discount":67,"image_primary":"https://cf.shopee.co.id/file/id-11134207-7rbk3-ma81neaugzyj33"},{"id":2190,"name":"Promo Tas Selempang Pria 3in1 HIGHMORE STRUICK Clutchbag Handbag Original Multifungsi Waterproof","url":"https://s.shopee.co.id/7AVpKD9WLv","price":45942,"price_original":148200,"discount":69,"image_primary":"https://cf.shopee.co.id/file/id-11134207-7ras8-m473g89w9c3ce3"},{"id":2191,"name":"BASIC CROP TOP SLIM FIT LENGAN PENDEK KAOS CROP TEE LYFE","url":"https://s.shopee.co.id/VyvNy7LFh","price":15998,"price_original":44439,"discount":64,"image_primary":"https://cf.shopee.co.id/file/id-11134207-7ra0k-mdfvynpjiezc1e"},{"id":2192,"name":"MUZCA WOMEN Crop Rib Cut T-Shirt SKU20-1908","url":"https://s.shopee.co.id/qblma64Zr","price":65000,"price_original":147727,"discount":56,"image_primary":"https://cf.shopee.co.id/file/id-11134207-7qul0-liwlmdajvdzqdc"},{"id":2193,"name":"Love Creates Crop Top Wanita Slim Fit Cropped Stretchy T-Shirt Mini(LCDX02)","url":"https://s.shopee.co.id/4LBdx0skTY","price":145000,"price_original":149485,"discount":3,"image_primary":"https://cf.shopee.co.id/file/id-11134207-7r990-lwimkph3q7wtb7"},{"id":2194,"name":"Love Creates Crop Top Wanita V Kaos Polo Atasan Cropped Stretchy T-Shirt Lengan Pendek（LCDX01)","url":"https://s.shopee.co.id/4VV49Js78b","price":145000,"price_original":149485,"discount":3,"image_primary":"https://cf.shopee.co.id/file/id-11134207-7r98t-lwil5t4yxpykdd"},{"id":2195,"name":"Mode Republic - Ribbed Crew Neck Cropped Tee - Daily Casual Knit Top - Atasan Kaos Crop Wanita Lengan Pendek Kekinian - Kaos Oblong Wanita Branded Original Terbaru - T-Shirt Crop Tangan Pendek Wanita Korea Style Modis Elegan - Branded First Hands","url":"https://s.shopee.co.id/5VNbLANVMp","price":89400,"price_original":149000,"discount":40,"image_primary":"https://cf.shopee.co.id/file/id-11134207-7ra0r-mbbmtgtafamx2f"},{"id":2196,"name":"Weenel T-Shirt Crop Shih Tzu Pigtail","url":"https://s.shopee.co.id/5VNbLAk3Nm","price":85000,"price_original":212500,"discount":60,"image_primary":"https://cf.shopee.co.id/file/id-11134207-7r98r-lya7spwbnx7s52"},{"id":2197,"name":"Weenel T-Shirt Crop Vol.1","url":"https://s.shopee.co.id/5L4B8rkgil","price":85000,"price_original":212500,"discount":60,"image_primary":"https://cf.shopee.co.id/file/id-11134207-7r98s-ly4knql9bym697"},{"id":2198,"name":"Weenel T-Shirt Basic Crop","url":"https://s.shopee.co.id/5AkkwYlK3k","price":75000,"price_original":187500,"discount":60,"image_primary":"https://cf.shopee.co.id/file/id-11134207-7r991-ly4knql995aoa3"},{"id":2199,"name":"Weenel T-Shirt Crop Sad Poodle","url":"https://s.shopee.co.id/50RKkFlxOj","price":85000,"price_original":212500,"discount":60,"image_primary":"https://cf.shopee.co.id/file/id-11134207-7r98q-lya7spwbfhrhda"},{"id":2200,"name":"Weenel T-Shirt Crop Work Hard Play Hard","url":"https://s.shopee.co.id/4VV49KnrPg","price":85000,"price_original":212500,"discount":60,"image_primary":"https://cf.shopee.co.id/file/id-11134207-7rasj-m0ilc20hjxi4fd"},{"id":2201,"name":"TONIQUE Kaos Crop Wanita Katun Combed 24s MIA Grafis Reguler Fit Crop Tee Hitam Black","url":"https://s.shopee.co.id/3fvx9nr26b","price":72500,"price_original":258929,"discount":72,"image_primary":"https://cf.shopee.co.id/file/id-11134207-7ra0k-mdg0szcrjx9r61"},{"id":2202,"name":"TONIQUE Kaos Crop Wanita Katun Organik Abu Abu EVE Graphic Cropped T-Shirt","url":"https://s.shopee.co.id/3VcWxUrfRa","price":72500,"price_original":258929,"discount":72,"image_primary":"https://cf.shopee.co.id/file/id-11134207-7r98u-lzyvxzav0xswa3"},{"id":2203,"name":"TONIQUE Kaos Crop Wanita Katun Combed 24s Lengan Panjang Reguler Fit DASHA Women's Regular Fit Long Sleeve Cotton Combed 24s Crop Tshirt Black Hitam Tee","url":"https://s.shopee.co.id/3LJ6lBsImZ","price":79000,"price_original":303846,"discount":74,"image_primary":"https://cf.shopee.co.id/file/id-11134207-7rasl-m5ve54b33malf4"},{"id":2204,"name":"TONIQUE Kaos Crop Wanita Katun Combed 24s Lengan Panjang Reguler Fit Grafis Hitam GRACE Women's Regular Fit Long Sleeve Crop Tshirt Cotton Combed 24s Black Hitam Tee","url":"https://s.shopee.co.id/3AzgYssw7Y","price":79000,"price_original":343478,"discount":77,"image_primary":"https://cf.shopee.co.id/file/id-11134207-7ras9-m5q2w4bq4q3a05"},{"id":2205,"name":"TONIQUE Kaos Crop Wanita Katun Combed 24s Lengan Panjang Reguler Fit Grafis Hitam IMELDA Women's Regular Fit Long Sleeve Crop Tshirt Cotton Combed 24s Black Hitam Tee","url":"https://s.shopee.co.id/30gGMZtZSX","price":79000,"price_original":343478,"discount":77,"image_primary":"https://cf.shopee.co.id/file/id-11134207-7rasm-m5vbe4naef1448"},{"id":2206,"name":"TONIQUE Kaos Crop Wanita Katun Combed 24s MIA Katun Combed 24s Grafis Reguler Fit Lengan Panjang Tee Hitam Black","url":"https://s.shopee.co.id/2qMqAGuCnW","price":79000,"price_original":343478,"discount":77,"image_primary":"https://cf.shopee.co.id/file/id-11134207-7ra0r-mdg0szcro4z39e"},{"id":2207,"name":"TONIQUE Kaos Crop Wanita Katun Combed 24s Lengan Panjang Reguler Fit Grafis Hitam AGATHA Women's Regular Fit Long Sleeve Crop Tshirt Cotton Combed 24s Black Hitam Tee","url":"https://s.shopee.co.id/2g3Pxxuq8V","price":79000,"price_original":343478,"discount":77,"image_primary":"https://cf.shopee.co.id/file/id-11134207-7rasg-m5q3oa2mpnuub6"},{"id":2208,"name":"TONIQUE Kaos Crop Wanita Katun Combed 24s Lengan Panjang Reguler Fit Grafis Hitam GABRIELLA Women's Regular Fit Long Sleeve Crop Tshirt Cotton Combed 24s Black Hitam Tee","url":"https://s.shopee.co.id/2VjzlevTTU","price":79000,"price_original":343478,"discount":77,"image_primary":"https://cf.shopee.co.id/file/id-11134207-7rasm-m5e92va0jxvkb1"},{"id":2209,"name":"TONIQUE Kaos Crop Wanita Katun Combed 24S Grafis Reguler Fit VELOVE Women's Regular Fit Cotton Combed 24S Graphic Cropped Tshirt Abu Abu Grey Tee","url":"https://s.shopee.co.id/2LQZZLw6oT","price":72500,"price_original":345238,"discount":79,"image_primary":"https://cf.shopee.co.id/file/id-11134207-7ras9-m0jsl8uo9qz08f"},{"id":2210,"name":"TONIQUE Kaos Crop Wanita Katun Combed 24s Lengan Panjang Reguler Fit Grafis Hitam ELVINA Women's Regular Fit Long Sleeve Crop Tshirt Cotton Combed 24s Black Hitam Tee","url":"https://s.shopee.co.id/2B79N2wk9S","price":79000,"price_original":343478,"discount":77,"image_primary":"https://cf.shopee.co.id/file/id-11134207-7rasi-m5vchkauzg9id2"},{"id":2211,"name":"TONIQUE Wanita Kaos Crop Katun Comed 24s  Abu Abu ROSE Womens Regular Fit Cotton Cropped T-shirt Grey","url":"https://s.shopee.co.id/20njAjxNUR","price":72500,"price_original":345238,"discount":79,"image_primary":"https://cf.shopee.co.id/file/id-11134207-7rasl-m4q8xlctzu4aac"},{"id":2212,"name":"TONIQUE Kaos Crop Wanita Katun Combed 24s Putih MUNCHKIN Women's Regular Fit Crop T-shirt - Bahan Katun combed 24s adem dan lembut kain","url":"https://s.shopee.co.id/1qUIyQy0pQ","price":72500,"price_original":345238,"discount":79,"image_primary":"https://cf.shopee.co.id/file/id-11134207-7r98r-lzyxo0vshm1ncb"},{"id":2213,"name":"TONIQUE Kaos Crop Wanita Katun Combed 24s Lengan Panjang Reguler Fit Grafis Hitam CASSANDRA Women's Regular Fit Long Sleeve Crop Tshirt Cotton Combed 24s Black Hitam Tee","url":"https://s.shopee.co.id/1gAsm7yeAP","price":79000,"price_original":343478,"discount":77,"image_primary":"https://cf.shopee.co.id/file/id-11134207-7rask-m5u42kqzvrv732"},{"id":2214,"name":"TONIQUE Kaos Crop Wanita Katun Combed 24s Lengan Panjang Reguler Fit Grafis Hitam VIOLET Women's Regular Fit Long Sleeve Crop Tshirt Cotton Combed 24s Black Hitam Tee","url":"https://s.shopee.co.id/10vByu1BWL","price":79000,"price_original":343478,"discount":77,"image_primary":"https://cf.shopee.co.id/file/id-11134207-7rase-m5q2v478yg0oa5"},{"id":2215,"name":"Ziandglo BASIC Velma Crop T-Shirt Stripe | Atasan Kaos Croptop Oversize Wanita","url":"https://s.shopee.co.id/gILaI2SCJ","price":99000,"price_original":190385,"discount":48,"image_primary":"https://cf.shopee.co.id/file/id-11134207-7rbk9-m7fzybt8cyzi8b"},{"id":2216,"name":"MADMAN Croptee Slipknot Premium | Croptop | Kaos Band| Kaos Crop |  Croptop Oversize | Kaos Crop Top | Kaos Crop Oversize | Kaos Crop Top Oversize | Crop | Atasan Crop| Croptee | Croptop Desain  Band| CRPH SLPK1","url":"https://s.shopee.co.id/6AdI8P7hwU","price":66000,"price_original":120000,"discount":45,"image_primary":"https://cf.shopee.co.id/file/sg-11134201-22110-okjatrux6qjvd2"},{"id":2217,"name":"MADMAN Croptee Nirvana Premium | Croptop | Kaos Band| Kaos Crop |  Croptop Oversize | Kaos Crop Top | Kaos Crop Oversize | Kaos Crop Top Oversize | Crop | Atasan Crop| Croptee | Croptop Desain  Band| CRPH NRVN8","url":"https://s.shopee.co.id/9pWaV8tkVE","price":66000,"price_original":120000,"discount":45,"image_primary":"https://cf.shopee.co.id/file/sg-11134201-22110-cyo2xtw55qjv7a"},{"id":2218,"name":"CROPTEE Wash Custom Sablon Satuan DTF | Croptop custom | Croptop custom tulisan | Croptop custom dtf | Croptop custome | cetak kaos | kaos crop | kaos crop top | atasan crop | kaos wash | kaos washing | kaos stone wash | kaos stonewash | kaos sandwash | s","url":"https://s.shopee.co.id/9zq0hRt7AN","price":25500,"price_original":36429,"discount":30,"image_primary":"https://cf.shopee.co.id/file/sg-11134201-22120-4job368odhlv69"},{"id":2219,"name":"CROPTEE Oversize Wash Custom Sablon Satuan DTF | Croptop custom | Croptop custom tulisan | Croptop custom dtf | Croptop custome | cetak kaos | kaos crop | kaos crop top | atasan crop | kaos crop top oversize | kaos crop oversize | crop top oversize","url":"https://s.shopee.co.id/4AsDkjSWL0","price":25500,"price_original":39231,"discount":35,"image_primary":"https://cf.shopee.co.id/file/sg-11134201-22120-znkd0tefdhlvf8"},{"id":2220,"name":"CROPTEE Custom Sablon Satuan DTF | Croptop custom | Croptop custom tulisan | Croptop custom dtf | Croptop custome | cetak kaos | kaos crop | kaos crop top | atasan crop","url":"https://s.shopee.co.id/40YnYQT9fz","price":25500,"price_original":42500,"discount":40,"image_primary":"https://cf.shopee.co.id/file/sg-11134201-22120-5z5yng4kdhlvae"},{"id":2221,"name":"Inefable Sling Bag Bellion Green Tosca","url":"https://s.shopee.co.id/VyvO0p55L","price":47900,"price_original":177407,"discount":73,"image_primary":"https://cf.shopee.co.id/file/220a2616444153799ba747069a6e5bb6"},{"id":2222,"name":"MALLBEGUN Messanger Canvas Sling Bag Brown / Tas Selempang Kanvas Aesthetic","url":"https://s.shopee.co.id/4VV49MmunD","price":92340,"price_original":171000,"discount":46,"image_primary":"https://cf.shopee.co.id/file/sg-11134201-7rdxq-m01102b9o4itbb"},{"id":2230,"name":"MONTRAV - Hanging Wallet - Tas Selempang Hp dan kartu -Waterproof ASUMA","url":"https://s.shopee.co.id/9AGthwV9KZ","price":63200,"price_original":158000,"discount":60,"image_primary":"https://cf.shopee.co.id/file/id-11134207-7r98o-lknla9sg6xpn1f"},{"id":2231,"name":"DIFEN Tas Selempang Wanita tas wanita terbaru 2025 tas wanita import Slingbag Shoulder Bag tas rajut tali kur tas wanita kasual rapi tas wanita mudah dibawa","url":"https://s.shopee.co.id/9Utk6YTsef","price":158178,"price_original":790890,"discount":80,"image_primary":"https://cf.shopee.co.id/file/id-11134207-7ra0n-mdcxvmm05bvna8"},{"id":2232,"name":"NIID R1 Radiant Urban Kulit Tas selempang Black Label 12.9 Inci","url":"https://s.shopee.co.id/9fDAIrTFJi","price":1512000,"price_original":1680000,"discount":10,"image_primary":"https://cf.shopee.co.id/file/id-11134211-7rasi-m1zetns7nuqi97"},{"id":2233,"name":"LAVIA Tas Selempang Wanita Cewek Sling Bag Nylon Kecil Lucu Kekinian & Bahu Stylish Aesthetic","url":"https://s.shopee.co.id/8KhmiPgi0p","price":75000,"price_original":129310,"discount":42,"image_primary":"https://cf.shopee.co.id/file/id-11134207-8224u-mgiqvzt41czx26"},{"id":2234,"name":"MALLBEGUN Messenger bag plain / tas sling bag water resistant / cover needs hand bag","url":"https://s.shopee.co.id/9Utk6YcGe8","price":94000,"price_original":247368,"discount":62,"image_primary":"https://cf.shopee.co.id/file/id-11134207-7rbk4-m7o45kh1e0te25"},{"id":2235,"name":"STARS MESSENGER y2k /TAS KANVAS MINI MESENGGER Y2K / sling bag fairycore aesthetic","url":"https://s.shopee.co.id/9KaJuFctz7","price":65000,"price_original":151163,"discount":57,"image_primary":"https://cf.shopee.co.id/file/id-11134207-7rbk4-m7o1twkcwvdlea"},{"id":2236,"name":"CABINES PRO |Wilow| Waistbag Slingbag | Tas Pinggang | selempang ringan waterproof| Bahu Pria wanita","url":"https://s.shopee.co.id/9zq0hTaMdJ","price":104025,"price_original":142500,"discount":27,"image_primary":"https://cf.shopee.co.id/file/id-11134207-7rasa-m1s25cd8gcwv00"},{"id":2237,"name":"Tas Wanita Kulit Model Rantai - Woman Shoulder Strap Bag - Tas Selempang Wanita Premium - SOMMER Bag","url":"https://s.shopee.co.id/AUmHIOYScQ","price":181000,"price_original":420930,"discount":57,"image_primary":"https://cf.shopee.co.id/file/id-11134207-82251-mh32dau9r18od3"},{"id":2238,"name":"Mississippi Shoulder Bucket Bag Tas Bahu Wanita L03000142M","url":"https://s.shopee.co.id/5q0RjoqE5a","price":495000,"price_original":596386,"discount":17,"image_primary":"https://cf.shopee.co.id/file/id-11134207-81ztp-meqkmhnh5mv9ff"},{"id":2239,"name":"Tas Selempang banyak kantong Tablet Bag Tote Bag Multifungsi Besar Tas Notebook Tas Laptop S6 3","url":"https://s.shopee.co.id/6fZYjLn3Or","price":57800,"price_original":68000,"discount":15,"image_primary":"https://cf.shopee.co.id/file/id-11134207-7r98v-lr1o1lthxy6he0"},{"id":2240,"name":"MONTRAV - Tas Selempang Pria - Tas Slempang - Sling Bag Pria  - Hyuga 4 Liter","url":"https://s.shopee.co.id/70CP7xlmix","price":129360,"price_original":168000,"discount":23,"image_primary":"https://cf.shopee.co.id/file/id-11134207-7r98o-lknla9sgb5ezb2"},{"id":2241,"name":"MONTRAV - Tas Selempang Pria - Hand Bag - Sling Bag - Jutsu 2 Liter","url":"https://s.shopee.co.id/7V8fisjsi4","price":99540,"price_original":158000,"discount":37,"image_primary":"https://cf.shopee.co.id/file/id-11134207-7r98p-lmlz7i4g3j1ga7"},{"id":2242,"name":"MONTRAV - Tas Selempang - Sling Bag - Mitsuki 3 Liter","url":"https://s.shopee.co.id/7KpFWZkW33","price":93240,"price_original":148000,"discount":37,"image_primary":"https://cf.shopee.co.id/file/id-11134207-7r98o-lkqgmo8ji683a1"},{"id":2243,"name":"MONTRAV Hand bag pria - Tas Selempang - Clutch bag Yama","url":"https://s.shopee.co.id/2g3Py02HWC","price":99640,"price_original":188000,"discount":47,"image_primary":"https://cf.shopee.co.id/file/id-11134207-7r98t-lmlz7i4g4xlw58"},{"id":2244,"name":"MONTRAV - Tas Selempang Pria - Sling Bag - Nomi 3 Liter","url":"https://s.shopee.co.id/2qMqAJ1eBF","price":88800,"price_original":148000,"discount":40,"image_primary":"https://cf.shopee.co.id/file/id-11134207-7qul7-lkj2tpc2mtg420"},{"id":2245,"name":"MONTRAV - Tas Selempang Wanita - Sling Bag - Tas Slempang wanita - Gaara 3 Liter","url":"https://s.shopee.co.id/30gGMc10qI","price":97900,"price_original":178000,"discount":45,"image_primary":"https://cf.shopee.co.id/file/id-11134207-7qul2-lkj2tpc2levoe0"},{"id":2246,"name":"MONTRAV Tas Selempang Pria Waterproof Muat Tab / iPad 11 Inch Naoki","url":"https://s.shopee.co.id/2VjzlhG7Bq","price":138600,"price_original":198000,"discount":30,"image_primary":"https://cf.shopee.co.id/file/id-11134207-7qukx-lkj2tpc2fslw30"},{"id":2247,"name":"Tas Selempang bahu Sling Bag MONTRAV Kharin","url":"https://s.shopee.co.id/2LQZZOGkWp","price":96000,"price_original":128000,"discount":25,"image_primary":"https://cf.shopee.co.id/file/id-11134207-7r98q-lx7sbggocifv62"},{"id":2248,"name":"Montrav - Kagura Shoulder Bag Pria - Tas Selempang Pria/Wanita","url":"https://s.shopee.co.id/1VrSZrJvDg","price":100500,"price_original":134000,"discount":25,"image_primary":"https://cf.shopee.co.id/file/id-11134207-7rasa-m3apaj9mkpv26c"},{"id":2249,"name":"001 Tas Selempang Wanita Tas Bahu Wanita Fashion Import  Motif Ular","url":"https://s.shopee.co.id/3qFNM9B2UE","price":29900,"price_original":35176,"discount":15,"image_primary":"https://cf.shopee.co.id/file/0412cd0246a10c5d1937554715a71f59"},{"id":2251,"name":"VIKING x DUDAO Wireless Earphone U5B Neckband Earphone","url":"https://s.shopee.co.id/4foULghgPt","price":78000,"price_original":156000,"discount":50,"image_primary":"https://cf.shopee.co.id/file/id-11134207-7r98p-lxmd37l81v8b8d"},{"id":2252,"name":"VIKING x DUDAO Earbuds U15PRO Upgrade TWS Bluetooth","url":"https://s.shopee.co.id/5AkkwbfmP0","price":221500,"price_original":363115,"discount":39,"image_primary":"https://cf.shopee.co.id/file/id-11134207-7r991-lxjkaur5xzce55"},{"id":2253,"name":"VIKING x DUDAO Earbuds U11XS TWS Bluetooth","url":"https://s.shopee.co.id/3VcWxXm7mm","price":218000,"price_original":357377,"discount":39,"image_primary":"https://cf.shopee.co.id/file/id-11134207-7r98v-lxjkaur5scpn2c"},{"id":2254,"name":"(COD)headset bluetooth TWS Pro4 minibest 100% earphone headset gaming headset all type","url":"https://s.shopee.co.id/4AsDklwiW0","price":48467,"price_original":130992,"discount":63,"image_primary":"https://cf.shopee.co.id/file/id-11134207-7r98x-ltkh7sdjy1ibbf"},{"id":2257,"name":"Monkefit Bone Conduction - Howler X15","url":"https://s.shopee.co.id/4q7uXzuBAC","price":669000,"price_original":1096721,"discount":39,"image_primary":"https://cf.shopee.co.id/file/id-11134207-8224v-mgw42fj9oy6jf8"},{"id":2258,"name":"OR88 Headset earphone handsfree hi-fi macaron type F1","url":"https://s.shopee.co.id/50RKkItXpH","price":5500,"price_original":5556,"discount":1,"image_primary":"https://cf.shopee.co.id/file/34b3d69a4a0f81c50849edf809277b6e"},{"id":2260,"name":"Headset Bluetooth InPods 12 Macaron TWS InPods i12 Headset Wireless Sport InPods12 Earphone Wireless","url":"https://s.shopee.co.id/2g3Py12QYr","price":25000,"price_original":50000,"discount":50,"image_primary":"https://cf.shopee.co.id/file/id-11134207-7r992-lqurnd53lkjq66"},{"id":2261,"name":"【Ramadan】Generasi ke-2 pro3 Headset Bluetooth Nirkabel Versi Terbaru Headset Audio Spasial TWS Stereo HIFI-Garansi Satu Tahun","url":"https://s.shopee.co.id/3LJ6lEztD3","price":45758,"price_original":99474,"discount":54,"image_primary":"https://cf.shopee.co.id/file/id-11134207-7r98u-ltkh7sdjwmxvd4"},{"id":2262,"name":"Garansi resmi Headset Bluetooth Gen 3 TWS Headphone peredam bising Headphone-Garansi satu tahun","url":"https://s.shopee.co.id/7KpFWakf5x","price":45868,"price_original":123968,"discount":63,"image_primary":"https://cf.shopee.co.id/file/id-11134207-7rbk4-m78tqo7sp7u4e1"},{"id":2263,"name":"The Pods Gen 4 ANC Terbaru 2025 With Wireless Charging Case Bergaransi TWS Bluetooth Original 100%","url":"https://s.shopee.co.id/5q0RjpqN8k","price":399000,"price_original":997500,"discount":60,"image_primary":"https://cf.shopee.co.id/file/id-11134207-8224u-mg7i7qta836039"},{"id":2264,"name":"Shini Q940 on-ear Excelent Headphone Earhook ear phone handsfree headset audio mic on ear - Black taffstudio HEADSET SPORT BASS ORIGINAL SHINI Q940 EAR HOOK EARPHONE CLIP ON MURAH stereo 3.5mm 3.5 mm","url":"https://s.shopee.co.id/6VG8X3npmw","price":89990,"price_original":130420,"discount":31,"image_primary":"https://cf.shopee.co.id/file/id-11134207-7rbk5-ma7rwrtzxbxl03"},{"id":2265,"name":"【COD】Handset Bluetooth TWS pods4 Headphone Bass Mini Tahan Air dan Tahan Earphone- Garansi 1 Tahun","url":"https://s.shopee.co.id/AUmHIPljkL","price":45978,"price_original":124265,"discount":63,"image_primary":"https://cf.shopee.co.id/file/id-11134207-7r990-lz8s2z2wnrc018"},{"id":2266,"name":"TWS pods Bluetooth 5.3 Earphone Android and iPhone with Microphone HiFi Stereo Bass Earbuds","url":"https://s.shopee.co.id/9zq0hUndlG","price":45878,"price_original":97613,"discount":53,"image_primary":"https://cf.shopee.co.id/file/id-11134207-7r992-lz8s2z2wqkgwe1"},{"id":2267,"name":"TWS Earphone Bluetooth TWS Headset Bluetooth True Wireless Earphone Bluetooth Earbuds Terbaru","url":"https://s.shopee.co.id/AA9Qtnn0QJ","price":45878,"price_original":131080,"discount":65,"image_primary":"https://cf.shopee.co.id/file/id-11134207-7r992-lt38bq3h71h0b8"},{"id":2268,"name":"(COD)Headset Bluetooth-headset gaming-headset olahraga-headset tahan-air headset bass peredam bising","url":"https://s.shopee.co.id/8KhmiQtz8y","price":45346,"price_original":98578,"discount":54,"image_primary":"https://cf.shopee.co.id/file/id-11134207-7r98r-lu1x91jx5ati22"},{"id":2269,"name":"Earphone Bass Berat HIFI 6D Asli Jack3.5/Type-C Chip Digital Headset Berkabel In-Ear dengan Mikrofon","url":"https://s.shopee.co.id/8AOMW7ucTz","price":28000,"price_original":70000,"discount":60,"image_primary":"https://cf.shopee.co.id/file/sg-11134201-824h6-mf2a1yf8b9c96a"},{"id":2270,"name":"Beetech Headphone Bluetooth Wireless Headset Earphone 5.3 TWS","url":"https://s.shopee.co.id/8pe3JLs58B","price":79000,"price_original":202564,"discount":61,"image_primary":"https://cf.shopee.co.id/file/id-11134207-7rasm-m4pu4xl3hqwo19"},{"id":2271,"name":"Asli Resmi-Earbuds LED Tampilan Digital Headset Bluetooth 5.3 Dengan Smart Touch HD Sound Quality","url":"https://s.shopee.co.id/70CP7yz3qq","price":92977,"price_original":299926,"discount":69,"image_primary":"https://cf.shopee.co.id/file/id-11134207-7rasl-m3x721yipt03da"},{"id":2273,"name":"HZSUM LENTIVEN HEADSET Earbuds TWS Wireless Earphone Bluetooth 5.4 Hi-Res Audio IPX5 Garansi 1 Tahun W14","url":"https://s.shopee.co.id/7V8fitx9q3","price":109000,"price_original":218000,"discount":50,"image_primary":"https://cf.shopee.co.id/file/id-11134207-8224p-mgt9xj2ofrbe85"},{"id":2274,"name":"HZSUM LENTIVEN HEADSET Earbuds TWS Wireless Earphone Bluetooth 5.4 Hi-Res Audio IPX5 Garansi 1 Tahun W13","url":"https://s.shopee.co.id/5fh1XX48Yi","price":109000,"price_original":218000,"discount":50,"image_primary":"https://cf.shopee.co.id/file/id-11134207-8224x-mgt9rqfgtfke48"},{"id":2275,"name":"BUDS TWS Pods Gen4 Earphone Bluetooth Headset Bluetooth Wireless Earbuds Super Bass dengan Audio Spatial & Dolby Atmos Surround Sound + Free Premium Silicone Softcas","url":"https://s.shopee.co.id/5L4B8v5PEg","price":119000,"price_original":495833,"discount":76,"image_primary":"https://cf.shopee.co.id/file/id-11134207-7ra0s-mcpq3n1wpef04c"},{"id":2276,"name":"TWS BLUETOOTH GEN PRO 2ND GENERATION 2024 WIRELESS CHARGING C TO LIGHTNING (SERIAL TEMBUS WEB )","url":"https://s.shopee.co.id/50RKkJ6fum","price":50000,"price_original":250000,"discount":80,"image_primary":"https://cf.shopee.co.id/file/id-11134207-7rbkd-m76ek4eikbzb5b"},{"id":2278,"name":"TWS BLUETOOTH GEN PRO 2024 WIRELESS CHARGING C TO LIGHTNING (SERIAL TEMBUS WEB )","url":"https://s.shopee.co.id/4foULh7wak","price":52500,"price_original":350000,"discount":85,"image_primary":"https://cf.shopee.co.id/file/id-11134207-7rbk1-m76ek4eivk9t49"},{"id":2406,"name":"KHAZER Jaket Bomber V1 Black White Unisex - KH3-030","url":"https://s.shopee.co.id/4AsDkrU25H","price":425000,"price_original":850000,"discount":50,"image_primary":"https://cf.shopee.co.id/file/id-11134207-8224t-mg853a2t9zbdac"},{"id":2279,"name":"The Pods Pro Gen 3 ANC (2025) With Wireless Charging Case Brand New Garansi 3bulan","url":"https://s.shopee.co.id/4q7uY07JFn","price":709000,"price_original":1201695,"discount":41,"image_primary":"https://cf.shopee.co.id/file/id-11134207-8224p-mg7q0ethnpxo3a"},{"id":2281,"name":"Miyoo Mini+ Plus Portable Retro Handheld Video Game Console Classic Game Player","url":"https://s.shopee.co.id/1VrSZsfRp9","price":999000,"price_original":1368493,"discount":27,"image_primary":"https://cf.shopee.co.id/file/id-11134207-7r98t-lztxs0czhag0ee"},{"id":2282,"name":"Mainan Rhythm Speed Game Digital Tekan Pencet Tombol Ritme Kecepatan Musik Cahaya Hand speed Motorik Edukasi Ketangkasan Anak Portabel Elektrik Gameboy Console","url":"https://s.shopee.co.id/gILaLicW2","price":59000,"price_original":203448,"discount":71,"image_primary":"https://cf.shopee.co.id/file/id-11134207-7rash-m0z9hpwpff3cad"},{"id":2285,"name":"Game Boy Game Bot Gameboy Console Portable Game Player Built-in Classic 500 Games Connect to TV or Gamepad G5 2 Player","url":"https://s.shopee.co.id/50RKkJS7iy","price":59990,"price_original":69756,"discount":14,"image_primary":"https://cf.shopee.co.id/file/id-11134207-7rase-m4u1atjjq3h24d"},{"id":2286,"name":"MK Mainan Anak Water PSP Game Air Jadul And Friends Jimbot Gembot Bot Ring Gameboy Permainan Edukasi Edukatif Board Tanpa Beterai Kuromi Sanrio Melody Cinnamoroll Capybara Capibara Aesthetic Estetik Estetika Viral Brainrot Anak Anti Gadget Motorik Skill","url":"https://s.shopee.co.id/60Jrw9OJha","price":16700,"price_original":33400,"discount":50,"image_primary":"https://cf.shopee.co.id/file/sg-11134201-821d4-mglsb5id4jd98d"},{"id":2287,"name":"Konsol Game Rumah 2.4G Konsol Game Nirkabel Dual Pemain untuk TV HDMI HD PS dan Arcade Lebih dari 20.000+ Game","url":"https://s.shopee.co.id/4VV49OhIM1","price":209000,"price_original":387037,"discount":46,"image_primary":"https://cf.shopee.co.id/file/id-11134207-7rasm-m4tqjimnzxew3f"},{"id":2288,"name":"Gamestation 5 GS5 Video Game Console USB With Retro 200 Game Classic","url":"https://s.shopee.co.id/30gGMdn0Oq","price":278495,"price_original":497312,"discount":44,"image_primary":"https://cf.shopee.co.id/file/id-11134207-7ra0n-mdtuizamflsie5"},{"id":2289,"name":"Gamestation 5 GS5 Video Game Console USB Wired Retro 200 Game Classic","url":"https://s.shopee.co.id/3AzgYwmN3t","price":278495,"price_original":497312,"discount":44,"image_primary":"https://cf.shopee.co.id/file/id-11134207-7ra0t-mdtuizamh0cy75"},{"id":2290,"name":"Aitu Game Boy Jadul Gamebot Mini Portable Include 500 Games Layar HD 3 Inch Connect TV","url":"https://s.shopee.co.id/1VrSZssiRj","price":99000,"price_original":260526,"discount":62,"image_primary":"https://cf.shopee.co.id/file/id-11134207-81ztf-me3uwh24mo76f4"},{"id":2291,"name":"Game Boy Retro Gamebot Gimbot Mini Portable Include 500 in 1 Games Layar HD 3 Inch Connect TV 1 PLAYER / 2 PLAYER","url":"https://s.shopee.co.id/7V8fiuj0LT","price":102099,"price_original":189072,"discount":46,"image_primary":"https://cf.shopee.co.id/file/id-11134207-7rbk0-m8x3n2xvztb159"},{"id":2292,"name":"Gameboy SUP RETRO NES isi 400 judul Game","url":"https://s.shopee.co.id/70CP7zkuMO","price":84499,"price_original":100594,"discount":16,"image_primary":"https://cf.shopee.co.id/file/id-11134207-7r98u-lp59tkyflh29cf"},{"id":2293,"name":"Game Bot Konsol Game G5 Portabel  Layar HD 3.0 inci 500 Game Klasik Bawaan Dua Gamepad Konsol Yang Terhubung ke TV Atau Gamepad Kapasitas Super Besar 1000mAh","url":"https://s.shopee.co.id/7AVpKIkH1R","price":69999,"price_original":199997,"discount":65,"image_primary":"https://cf.shopee.co.id/file/sg-11134201-7rfib-m48mr8akvzw0fd"},{"id":2294,"name":"[ZB] MAINAN ANAK GIMBOT BRICK GAME PAD LCD POP STATION GEMBOT TETRIS GAMEBOY","url":"https://s.shopee.co.id/8fKd73eYyo","price":22700,"price_original":31096,"discount":27,"image_primary":"https://cf.shopee.co.id/file/sg-11134201-7qvdl-lh0jwijvo6787c"},{"id":2295,"name":"Edisi Kolaborasi Batman-S600 Retro handheld Gameboy Bisa Main Game PSP PS1 + Terpasang Pra 18000+ Game Klasik (Nintendo SNES NES) Layar HD 4.0 Inch Tahan Pakai Sampai 8 Jam","url":"https://s.shopee.co.id/8KhmiRfpem","price":769000,"price_original":1538000,"discount":50,"image_primary":"https://cf.shopee.co.id/file/id-11134207-8224s-mgzxzk2y7hu019"},{"id":2296,"name":"Gameboy R36S Mini PSP PS1 Nintendo Retro Video Game Console 128GB Bawaan 22.000+ game 3,5 inci portable handheld game console","url":"https://s.shopee.co.id/8V1CukfCJp","price":599000,"price_original":1497500,"discount":60,"image_primary":"https://cf.shopee.co.id/file/id-11134207-82251-mgzy967tc5jc57"},{"id":2297,"name":"Gameboy X6 New Console Built in 10000 Games /Game Console  Handhled Portable /Retro Classic Game /3.5 Inch IPS Screen /Multi Simulator/ PSP PVP P2P/Dual Joystick Garansi/Paling Update/ Connect to TV Arcade jadul Nostagia","url":"https://s.shopee.co.id/804wJph6Kk","price":388000,"price_original":746154,"discount":48,"image_primary":"https://cf.shopee.co.id/file/id-11134207-81ztm-mdy98itjwsn5ad"},{"id":2298,"name":"ENJOYTECH Game Stick 4K / Gamepad Bluetooth Nirkabel Ganda / Konsol Game 64G Konsol Game Built-in 20300 Konsol Game Genggam Retro Tongkat Game Genggam Anak Pengontrol Nirkabel Hadiah Natal PS1 / GBA","url":"https://s.shopee.co.id/8AOMW8gSzn","price":192800,"price_original":357037,"discount":46,"image_primary":"https://cf.shopee.co.id/file/id-11134207-7ra0r-mbq4g5qi9hi6a7"},{"id":2299,"name":"Game Boy Retro 500 in 1 Boy Game Bot Console Portable Player Built-In Clasic 500 Permainan Connect To Tv Or Gamepad Game Console Gembot Akona Gameboy Tetris","url":"https://s.shopee.co.id/AKSr67YDbE","price":95900,"price_original":168246,"discount":43,"image_primary":"https://cf.shopee.co.id/file/id-11134207-7ra0u-mb7kicv4fzcke7"},{"id":2300,"name":"Gameboy R36S Portable Retro Handheld Video Game Console Classic Gaming Emulator 128GB 22000 Games mendukung PSP PS1 for 100+ game format","url":"https://s.shopee.co.id/AUmHIQXaGH","price":599000,"price_original":1198000,"discount":50,"image_primary":"https://cf.shopee.co.id/file/id-11134207-81ztl-mfrqxsuh9yj3cb"},{"id":2301,"name":"TAIYO Video Game Machine Brick Game 9999 In 1 Besar Kecil Gameboy Tetris Klasik Mainan Anak","url":"https://s.shopee.co.id/9Utk6abOIB","price":17490,"price_original":25348,"discount":31,"image_primary":"https://cf.shopee.co.id/file/id-11134207-7ras8-m5wp07r86076eb"},{"id":2302,"name":"TAIYO Video Game Machine Brick Karakter Kartun Games Console Gameboy Tetris Klasik Jadul Mainan Anak","url":"https://s.shopee.co.id/10vByy7kXY","price":17490,"price_original":23959,"discount":27,"image_primary":"https://cf.shopee.co.id/file/sg-11134201-7rats-mai7vaoqw6ds42"},{"id":2303,"name":"Game Boy G5 Game Player Built-in Classic 500 Bisa Dihubungkan Ke TV Mini Handheld Game Console","url":"https://s.shopee.co.id/1BEcBH77Cb","price":116900,"price_original":432963,"discount":73,"image_primary":"https://cf.shopee.co.id/file/id-11134207-7ra0j-mcdlhjxh6nyx0a"},{"id":2304,"name":"TAIYO Tetris Game Console Quick Push Karakter Konsol Klasik Retro Elektronik Brick Game Mainan Anak","url":"https://s.shopee.co.id/gILaM91DW","price":32490,"price_original":51571,"discount":37,"image_primary":"https://cf.shopee.co.id/file/sg-11134201-7rdwv-m1c8tqp0ct20bf"},{"id":2306,"name":"3 in 1 Tic Tac Toe Digital Edukasi Mainan Game /Console Memori Game Whack A Mole Konsol /Tekan Tombol Permainan Hand Speed Cahaya /Edukasi Anak Motorik Ketangkasan","url":"https://s.shopee.co.id/BM4zRAvEV","price":82000,"price_original":164000,"discount":50,"image_primary":"https://cf.shopee.co.id/file/sg-11134201-824h0-mf3nucvue2vf03"},{"id":2307,"name":"HADIAH MAINAN ANAK TRADITIONAL WATER RING GAME KARAKTER RANDOM SPIDERMAN AVENGERS MARIO PAW PATROL","url":"https://s.shopee.co.id/2Vjzlj22Uz","price":12000,"price_original":30000,"discount":60,"image_primary":"https://cf.shopee.co.id/file/id-11134207-7rasi-m23nryma2gfc4a"},{"id":2308,"name":"KADO LEBARAN IDUL FITRI MAINAN ANAK WATER RING GAME KARAKTER UNICORN KUDA PONY","url":"https://s.shopee.co.id/20njAo3wVu","price":12000,"price_original":50000,"discount":76,"image_primary":"https://cf.shopee.co.id/file/id-11134207-7r98o-lt96kby0defa5e"},{"id":2309,"name":"Versi Upgrade R36S-S600 Game Console Handheld Gameboy 4.0 Inch R36S Retro Game( 3.5 Inch) Mini Portable 18000+ Classic Games PSP PS1 SNES NES NDS dll","url":"https://s.shopee.co.id/2g3Py21PAE","price":110000,"price_original":220000,"discount":50,"image_primary":"https://cf.shopee.co.id/file/id-11134207-8224w-mgzx69mlylu4ea"},{"id":2310,"name":"MINISO TOY - Miniso x Building Block Series Game Console Mainan Blok 3 Jenis","url":"https://s.shopee.co.id/2qMqAL0lpH","price":56900,"price_original":121064,"discount":53,"image_primary":"https://cf.shopee.co.id/file/id-11134207-7ra0k-md02v0um1p2fc7"},{"id":2341,"name":"Mode Republic - Logo Appliqué Graphic Tee - Basic Knit Top - Atasan Kaos Polos Pria Lengan Pendek Premium - Dailywear Atasan Oblong Pria Tangan Pendek Korea Style Kekinian - Outfit T-Shirt Pria Branded Original Terbaru - Branded First Hands","url":"https://s.shopee.co.id/1qUIyWUdlP","price":58050,"price_original":129000,"discount":55,"image_primary":"https://cf.shopee.co.id/file/203ec2b69623216e56388e9a1e8df112"},{"id":2342,"name":"Mode Republic - Crew Neck Short Sleeve Graphic T-Shirt - Daily Casual Knit Top - Atasan Kaos Cotton Lengan Pendek Wanita Terbaru - Outfit Atasan DailyWear Wanita Branded Original Kekinian - Baju Kaos Kasual Wanita Modern Korean Style - Branded First Hands","url":"https://s.shopee.co.id/gILaNZ58C","price":86940,"price_original":189000,"discount":54,"image_primary":"https://cf.shopee.co.id/file/id-11134207-7rbk6-mamxs0gof0iz57"},{"id":2343,"name":"TONIQUE Kaos Wanita Katun Combed 24s Grafis Reguler Fit Hitam CAROL Women's Reguler Fit Cotton Combed 24s Graphic Tshirt Black Hitam Tee","url":"https://s.shopee.co.id/1LY2Nbx508","price":72500,"price_original":345238,"discount":79,"image_primary":"https://cf.shopee.co.id/file/id-11134207-7ra0q-mdg0szcrscof7e"},{"id":2344,"name":"TONIQUE Kaos Wanita Katun Krem DOLLY Womens Regular Fit Graphic T-Shirt","url":"https://s.shopee.co.id/1VrSZuwRfB","price":72500,"price_original":345238,"discount":79,"image_primary":"https://cf.shopee.co.id/file/id-11134207-7rash-m0jopvfichg6d3"},{"id":2345,"name":"TONIQUE Kaos Crop Wanita Katun Organik Abu Abu EVE Graphic Cropped T-Shirt","url":"https://s.shopee.co.id/gILaNzcM4","price":72500,"price_original":258929,"discount":72,"image_primary":"https://cf.shopee.co.id/file/id-11134207-7r98u-lzyvxzav0xswa3"},{"id":2346,"name":"Monstreet Kaos Katun Combed 24s Grafis Reguler Fit Hitam Putih UTR01/02 Cotton Combed 24s Graphic Tshirt Regular Fit Hitam Putih Tee Lembut Nyaman Kain","url":"https://s.shopee.co.id/qblmgyz17","price":49000,"price_original":245000,"discount":80,"image_primary":"https://cf.shopee.co.id/file/id-11134207-81ztj-me1ijkxbuv43ec"},{"id":2347,"name":"TONIQUE Kaos Wanita Katun Combed 24s Lengan Panjang Grafis Reguler Fit Hitam IMELDA Women's Regular Fit Long Sleeve Graphic Cotton Combed 24s Tshirt Black Hitam Tee","url":"https://s.shopee.co.id/10vByzyLgA","price":79000,"price_original":343478,"discount":77,"image_primary":"https://cf.shopee.co.id/file/id-11134207-7rasl-m64daq1g1pc2f3"},{"id":2348,"name":"Monstreet Kaos Katun Combed 24s Grafis Reguler Fit UTR10/11/12/13 - Cotton Combed 24s Graphic Tshirt Regular Fit Hitam Black Putih White","url":"https://s.shopee.co.id/1BEcBIxiLD","price":49000,"price_original":306250,"discount":84,"image_primary":"https://cf.shopee.co.id/file/id-11134207-81ztg-me1llcg11m9s77"},{"id":2349,"name":"Monstreet Kaos Katun Combed 24s Grafis Reguler Fit Hitam Putih UTR20/21/22/23 Cotton Combed 24s Graphic Tshirt Regular Fit Hitam Putih Tee Lembut Nyaman Kain","url":"https://s.shopee.co.id/AKSr69cZB0","price":49000,"price_original":306250,"discount":84,"image_primary":"https://cf.shopee.co.id/file/id-11134207-81ztl-me1jypmo3v2c92"},{"id":2350,"name":"Monstreet Kaos Katun Combed 24s Grafis Reguler Fit UTR163/164/165 100% Cotton Combed 24s Graphic Tshirt Regular Fit Hitam Black Putih White","url":"https://s.shopee.co.id/AUmHISbvq3","price":49000,"price_original":306250,"discount":84,"image_primary":"https://cf.shopee.co.id/file/id-11134207-81zto-me16uny9q77m41"},{"id":2351,"name":"TONIQUE Kaos Wanita Katun Combed 24s Lengan Panjang Grafis Reguler Fit Hitam GRACE Women's Regular Fit Long Sleeve Graphic Cotton Combed 24s Tshirt Black Hitam Tee","url":"https://s.shopee.co.id/804wJrlRua","price":79000,"price_original":343478,"discount":77,"image_primary":"https://cf.shopee.co.id/file/id-11134207-7rbk3-m7rss1vduro010"},{"id":2352,"name":"TONIQUE Wanita Kaos Katun Combed 24s Grafis Reguler Fit Putih CAROL Women's Reguler Fit Cotton Combed 24s Graphic Tshirt White Putih Tee","url":"https://s.shopee.co.id/8AOMWAkoZd","price":72500,"price_original":345238,"discount":79,"image_primary":"https://cf.shopee.co.id/file/id-11134207-7ra0r-mdg13ougbwwo95"},{"id":2353,"name":"TONIQUE Kaos Wanita Katun Combed 24s Lengan Panjang Grafis Reguler Fit Hitam BRITNEY Women's Regular Fit Long Sleeve Graphic Cotton Combed 24s Tshirt Black Hitam Tee","url":"https://s.shopee.co.id/8KhmiTkBEg","price":79000,"price_original":343478,"discount":77,"image_primary":"https://cf.shopee.co.id/file/id-11134207-7rbk8-m7rss1veh97dea"},{"id":2354,"name":"TONIQUE Kaos Wanita Katun Combed 24s Lengan Panjang Grafis Reguler Fit Hitam GABRIELLA Women's Regular Fit Long Sleeve Graphic Cotton Combed 24s Tshirt Black Hitam Tee","url":"https://s.shopee.co.id/8V1CumjXtj","price":79000,"price_original":343478,"discount":77,"image_primary":"https://cf.shopee.co.id/file/id-11134207-7ras8-m64d40y2uwlef4"},{"id":2355,"name":"TONIQUE Kaos Wanita Katun Combed 24s Lengan Panjang Grafis Reguler Fit Hitam VIOLET Women's Regular Fit Long Sleeve Graphic Cotton Combed 24s Tshirt Black Hitam Tee","url":"https://s.shopee.co.id/8fKd75iuYm","price":79000,"price_original":343478,"discount":77,"image_primary":"https://cf.shopee.co.id/file/id-11134207-7rbk2-m7rss1ve3736c3"},{"id":2356,"name":"Monstreet Kaos Katun Combed 24s Grafis Reguler Fit Hitam Putih UTR28/29/30 Cotton Combed 24s Graphic Tshirt Regular Fit Hitam Putih Tee Lembut Nyaman Kain","url":"https://s.shopee.co.id/8pe3JOiHDp","price":49000,"price_original":306250,"discount":84,"image_primary":"https://cf.shopee.co.id/file/id-11134207-81zto-me1jypmo2ghw57"},{"id":2357,"name":"Monstreet Kaos Katun Combed 24s Grafis Reguler Fit Hitam Putih UTR07/08/09 Cotton Combed 24s Graphic Tshirt Regular Fit Hitam Putih Tee Lembut Nyaman Kain","url":"https://s.shopee.co.id/8zxTVhhdss","price":49000,"price_original":306250,"discount":84,"image_primary":"https://cf.shopee.co.id/file/id-11134207-81ztc-me1k98z6nyf7e5"},{"id":2358,"name":"TONIQUE Kaos Wanita Katun Combed 24s Lengan Panjang Grafis Reguler Fit Hitam DEANDRA Women's Regular Fit Long Sleeve Graphic Cotton Combed 24s Tshirt Black Hitam Tee","url":"https://s.shopee.co.id/9AGti0h0Xv","price":79000,"price_original":343478,"discount":77,"image_primary":"https://cf.shopee.co.id/file/id-11134207-7rbk4-m7rss1ve0ee14c"},{"id":2359,"name":"Monstreet Kaos Katun Combed 24s Grafis Reguler Fit UTR75/77 - Cotton Combed 24s Graphic Tshirt Regular Fit Hitam Black Putih White","url":"https://s.shopee.co.id/1LY2NcApRQ","price":49000,"price_original":245000,"discount":80,"image_primary":"https://cf.shopee.co.id/file/id-11134207-81ztg-me1mt7mwe80374"},{"id":2360,"name":"Monstreet Kaos Katun Combed 24s Grafis Reguler Fit UTR13/14/15 - Cotton Combed 24s Graphic Tshirt Regular Fit Hitam Putih WhiteBlack Putih White","url":"https://s.shopee.co.id/1VrSZvAC6T","price":49000,"price_original":245000,"discount":80,"image_primary":"https://cf.shopee.co.id/file/id-11134207-82251-mgnraashd15571"},{"id":2361,"name":"Monstreet Kaos Katun Combed 24s Grafis Reguler Fit Hitam Putih UTR104/179/180 Cotton Graphic Tshirt Tee","url":"https://s.shopee.co.id/1gAsmE9YlW","price":49000,"price_original":306250,"discount":84,"image_primary":"https://cf.shopee.co.id/file/id-11134207-81zte-mfgoik590l5bad"},{"id":2362,"name":"Monstreet Kaos Katun Combed 24s Grafis Reguler Fit UTR78/79/80 Cotton Combed 24s Graphic Tshirt Regular Fit Hitam Black Putih White","url":"https://s.shopee.co.id/1qUIyX8vQZ","price":49000,"price_original":245000,"discount":80,"image_primary":"https://cf.shopee.co.id/file/id-11134207-81ztc-me1mo56tvsoyfe"},{"id":2363,"name":"Monstreet Kaos Katun Combed 24s Grafis Reguler Fit Hitam Putih UTR03/04/05/06 Cotton Combed 24s Graphic Tshirt Regular Fit Hitam Putih Tee Lembut Nyaman Kain","url":"https://s.shopee.co.id/20njAq8I5c","price":49000,"price_original":245000,"discount":80,"image_primary":"https://cf.shopee.co.id/file/id-11134207-81ztl-me1lzc66ch6pc0"},{"id":2364,"name":"Monstreet Kaos Katun Combed 24s Grafis Reguler Fit Hitam Putih UTR24/25/26/27 Cotton Combed 24s Graphic Tshirt Regular Fit Hitam Putih Tee Lembut Nyaman Kain","url":"https://s.shopee.co.id/2B79N97ekf","price":49000,"price_original":245000,"discount":80,"image_primary":"https://cf.shopee.co.id/file/id-11134207-81ztg-me1mhzs12sxs7f"},{"id":2365,"name":"Monstreet Kaos Katun Combed 24s Grafis Reguler Fit UTR57/58/59/60 - Cotton Combed 24s Graphic Tshirt Regular Fit Hitam Black Putih White","url":"https://s.shopee.co.id/2LQZZS71Pi","price":49000,"price_original":245000,"discount":80,"image_primary":"https://cf.shopee.co.id/file/id-11134207-81zth-me1mt7mw4e0z3e"},{"id":2366,"name":"Monstreet Unisex Kaos Katun Combed 24s Hitam Lembut Adem Nyaman Warna Hitam Regular Fit Combed Cotton 24s Graphic Tshirt Black / Kaos Pria, Wanita, Unisex UTR145","url":"https://s.shopee.co.id/2Vjzll6O4l","price":49000,"price_original":306250,"discount":84,"image_primary":"https://cf.shopee.co.id/file/id-11134207-82250-mgnsw1jr864u1b"},{"id":2367,"name":"Monstreet Kaos Katun Combed 24s Grafis Reguler Fit UTR65/66/67 - Cotton Combed 24s Graphic Tshirt Regular Fit Hitam Black Putih White","url":"https://s.shopee.co.id/12enAFu9I","price":49000,"price_original":245000,"discount":80,"image_primary":"https://cf.shopee.co.id/file/id-11134207-81ztq-me1n2ljswx6ud2"},{"id":2368,"name":"Monstreet Kaos Katun Combed 24s Hitam Graphic Tshirt Black UTR155","url":"https://s.shopee.co.id/BM4zTFGoL","price":49000,"price_original":306250,"discount":84,"image_primary":"https://cf.shopee.co.id/file/id-11134207-7ra0i-md0d38hfohlj89"},{"id":2369,"name":"TONIQUE Kaos Crop Wanita Katun Combed 24S Grafis Reguler Fit VELOVE Women's Regular Fit Cotton Combed 24S Graphic Cropped Tshirt Abu Abu Grey Tee","url":"https://s.shopee.co.id/LfVBmEdTO","price":72500,"price_original":345238,"discount":79,"image_primary":"https://cf.shopee.co.id/file/id-11134207-7ras9-m0jsl8uo9qz08f"},{"id":2370,"name":"Monstreet Kaos Katun Combed 24S Grafis Reguler Fit Hitam Putih Tshirt UTR44/45/46 Cotton Combed 24S Graphic Tshirt Regular Fit Black White Tshirt","url":"https://s.shopee.co.id/VyvO5E08R","price":49000,"price_original":306250,"discount":84,"image_primary":"https://cf.shopee.co.id/file/br-11134275-81z1k-mgpg5jp238jk4e"},{"id":2402,"name":"[COD] Jaket Pria Suede Unisex Bomber Original ALL Size","url":"https://s.shopee.co.id/3qFNMFVIkz","price":160000,"price_original":301887,"discount":47,"image_primary":"https://cf.shopee.co.id/file/id-11134207-7rbk5-m7mnyal4xn44a8"},{"id":2403,"name":"JAKET PRIA MINIMALIS / JAKET BOMBER KASUAL / JAKET PRIA KEREN BAHAN KATUN","url":"https://s.shopee.co.id/4LBdxATOkG","price":119997,"price_original":299993,"discount":60,"image_primary":"https://cf.shopee.co.id/file/e8b76cd268914159202e80bd87b44cd1"},{"id":2404,"name":"JAKET BOMBER PRIA WATERPROOF / WINDPROOF TEBAL DAN HANGAT","url":"https://s.shopee.co.id/4VV49TSlPJ","price":141000,"price_original":300000,"discount":53,"image_primary":"https://cf.shopee.co.id/file/3cf5a0270c96508d7f81d0e2bc1306ba"},{"id":2456,"name":"ODIVA Valda Denim Jacket Wanita","url":"https://s.shopee.co.id/4q7uY9cwNP","price":529000,"price_original":661250,"discount":20,"image_primary":"https://cf.shopee.co.id/file/id-11134207-7rbk3-maxo0p90hv20c1"},{"id":2407,"name":"Stalker Jaket Bomber Putih - Great Instrument White Anti Air Windbreaker","url":"https://s.shopee.co.id/AA9QttkeQY","price":224550,"price_original":499000,"discount":55,"image_primary":"https://cf.shopee.co.id/file/id-11134207-7r98y-ln16gbhctcd9f7"},{"id":2408,"name":"House of Smith Jaket Bomber Pria - Bomith Navy #3 - Jacket","url":"https://s.shopee.co.id/2LQZZVZv7x","price":215000,"price_original":551282,"discount":61,"image_primary":"https://cf.shopee.co.id/file/id-11134207-7rbk2-m70l1285d6y4a2"},{"id":2409,"name":"House of Smith Jaket Bomber Pria - Bomen Black #5","url":"https://s.shopee.co.id/2B79NCaYSw","price":215000,"price_original":500000,"discount":57,"image_primary":"https://cf.shopee.co.id/file/id-11134207-7r98v-m09q95vxp1kn75"},{"id":2410,"name":"Cottonology Jaket Pria Bomber Hitam","url":"https://s.shopee.co.id/AUmHIW4pZI","price":250000,"price_original":367647,"discount":32,"image_primary":"https://cf.shopee.co.id/file/15c6cb3432799e40f184260cb70f39c4"},{"id":2411,"name":"Cottonology Jaket Bomber Wanita Hitam","url":"https://s.shopee.co.id/AKSr6D5SuH","price":250000,"price_original":373134,"discount":33,"image_primary":"https://cf.shopee.co.id/file/c51ce33594f696920196f7bc674b5c21"},{"id":2412,"name":"Cottonology Jaket Bomber Pria Navy","url":"https://s.shopee.co.id/AA9Qtu66FG","price":250000,"price_original":352113,"discount":29,"image_primary":"https://cf.shopee.co.id/file/8a4bbcac47253a591c514247d23ee848"},{"id":2413,"name":"Cottonology Jaket Bomber Pria Coklat","url":"https://s.shopee.co.id/5fh1Xdam1V","price":250000,"price_original":352113,"discount":29,"image_primary":"https://cf.shopee.co.id/file/7b0003d6c13451fc36ddf02ceee73d63"},{"id":2416,"name":"Dagadu Jacket Bomber Reversible","url":"https://s.shopee.co.id/1gAsmHq097","price":328000,"price_original":425974,"discount":23,"image_primary":"https://cf.shopee.co.id/file/id-11134207-7r98p-lt50a6mhy79i26"},{"id":2417,"name":"TECHRACER - Breaker Red - Windproof Teachwear Jacket Bomber","url":"https://s.shopee.co.id/LfVBpv4qz","price":695000,"price_original":1053030,"discount":34,"image_primary":"https://cf.shopee.co.id/file/id-11134207-7ras8-m3ds4r57kogqac"},{"id":2419,"name":"d&f CVC Jaket pria bomber with mustard strip - hitam","url":"https://s.shopee.co.id/3LJ6lLjeln","price":249900,"price_original":462778,"discount":46,"image_primary":"https://cf.shopee.co.id/file/id-11134207-81zth-mfjjosvwr28bed"},{"id":2420,"name":"d&f CVC Jaket bomber pria cut &  sewn - hitam list coklat","url":"https://s.shopee.co.id/3AzgZ2kI6m","price":289900,"price_original":483167,"discount":40,"image_primary":"https://cf.shopee.co.id/file/id-11134207-81ztd-mfjjosvwpnnvf1"},{"id":2421,"name":"d&f CVC  Jaket Bomber Pria - Hitam kerah list putih","url":"https://s.shopee.co.id/30gGMjkvRl","price":249900,"price_original":462778,"discount":46,"image_primary":"https://cf.shopee.co.id/file/id-11134207-81zte-mfjhgclgrpxpef"},{"id":2422,"name":"d&f CVC Jaket Bomber Pria - Olive","url":"https://s.shopee.co.id/20njAu1nHs","price":229900,"price_original":433774,"discount":47,"image_primary":"https://cf.shopee.co.id/file/id-11134207-82252-mfthjnhgi3uwe6"},{"id":2423,"name":"d&f Jaket Bomber CVC Pria - Coklat Hitam List Putih","url":"https://s.shopee.co.id/2B79ND19wv","price":229900,"price_original":459800,"discount":50,"image_primary":"https://cf.shopee.co.id/file/id-11134207-8224u-mfthjnhg9ogaa5"},{"id":2424,"name":"d&f CVC Jaket pria bomber kragh whit snap - Abu tua","url":"https://s.shopee.co.id/2VjzloztH1","price":229900,"price_original":459800,"discount":50,"image_primary":"https://cf.shopee.co.id/file/id-11134207-81ztg-mfme36gxtczu29"},{"id":2425,"name":"d&f CVC Jaket pria Bomber cut & sewn casual - Hitam","url":"https://s.shopee.co.id/1LY2Ng4Kdo","price":370900,"price_original":529857,"discount":30,"image_primary":"https://cf.shopee.co.id/file/id-11134207-81zth-mf9nllqkfs3ve8"},{"id":2426,"name":"d&f Jaket Bomber CVC Pria  - hitam strip maroon","url":"https://s.shopee.co.id/1BEcBN4xyt","price":229900,"price_original":433774,"discount":47,"image_primary":"https://cf.shopee.co.id/file/id-11134207-81ztq-mer256eh2gavc6"},{"id":2427,"name":"Jaket Ritsleting Bomber Pilot Merek Pakaian Pria Musim Dingin Kedatangan Baru Jaket bomber Hangat Tebal Mantel  Pas Ba\tdan Kasual Bisnis","url":"https://s.shopee.co.id/2g3Py8yZq0","price":165000,"price_original":300000,"discount":45,"image_primary":"https://cf.shopee.co.id/file/id-11134207-7ra0n-mcyf48kgezc4fb"},{"id":2429,"name":"Jaket Bomber Resleting XTC Jaket Pria Maupun Wanita Jaket Premium COD Seluruh Indonesia","url":"https://s.shopee.co.id/4LBdxCsESU","price":120000,"price_original":240000,"discount":50,"image_primary":"https://cf.shopee.co.id/file/id-11134207-7r992-lvj5fgna4jk783"},{"id":2430,"name":"AMZ Jaket - Jaket Bomber Pria Bomber Pilot Style Series","url":"https://s.shopee.co.id/4VV49Vrb7X","price":159000,"price_original":318000,"discount":50,"image_primary":"https://cf.shopee.co.id/file/id-11134207-7rbk0-ma10kelmcexe10"},{"id":2431,"name":"Rockline Trucker Denim Jacket Bio Washed","url":"https://s.shopee.co.id/5fh1Xf9qIV","price":224000,"price_original":350000,"discount":36,"image_primary":"https://cf.shopee.co.id/file/id-11134207-81ztl-mf9h54x2fle39d"},{"id":2432,"name":"CYFCLO Jaket Jeans Denim Tebal, Kokoh Unisex-Tetap Nyaman Tampil Stand Out | Light Blue","url":"https://s.shopee.co.id/7V8fj22ra0","price":292890,"price_original":375500,"discount":22,"image_primary":"https://cf.shopee.co.id/file/id-11134207-7ra0q-mcj0kppal9uvb7"},{"id":2433,"name":"L'AGCJ Boxy Jacket - Denim Indigo 016","url":"https://s.shopee.co.id/7AVpKQPRXa","price":186660,"price_original":306000,"discount":39,"image_primary":"https://cf.shopee.co.id/file/id-11134207-82252-mgj5qlda27f155"},{"id":2434,"name":"Keith Bride Jacket Denim BaseBall - Navy","url":"https://s.shopee.co.id/6VG8XCRytW","price":260000,"price_original":448276,"discount":42,"image_primary":"https://cf.shopee.co.id/file/id-11134207-7rbk8-m7kgff6xf26uc4"},{"id":2436,"name":"Erigo Denim Jacket Pocket Croix Mud Blue Unisex","url":"https://s.shopee.co.id/AKSr6FDO7P","price":216000,"price_original":800000,"discount":73,"image_primary":"https://cf.shopee.co.id/file/id-11134201-7rbk7-m7umxr22kejme9"},{"id":2437,"name":"Erigo Denim Jacket Pocket Numa Raw Denim Unisex","url":"https://s.shopee.co.id/9Utk6iGYoG","price":216000,"price_original":800000,"discount":73,"image_primary":"https://cf.shopee.co.id/file/id-11134201-7rbk8-m7umxk7ejyqqbf"},{"id":2438,"name":"VALORA - Jaket Jeans Wanita Oversize Kantong Besar Snow Acid OUTERY JACKET","url":"https://s.shopee.co.id/9KaJuPHC9F","price":190999,"price_original":465851,"discount":59,"image_primary":"https://cf.shopee.co.id/file/id-11134207-7r98p-lxumsouzpo2yaa"},{"id":2440,"name":"MC girl Jaket Jeans Sobek Rawis Wanita / Jaket Jeans Ripped Rumbai Jumbo / Jaket Jeans Koyak Big Size","url":"https://s.shopee.co.id/60JrwHhDmf","price":118000,"price_original":120408,"discount":2,"image_primary":"https://cf.shopee.co.id/file/f5df66e2de65d8f08c1f5eb1faf6a9f1"},{"id":2441,"name":"( Bisa COD ) MC girl Jaket Jeans Snow Blue / Jaket Lepis Polos Snowblue Wanita / Jacket Denim Cewek","url":"https://s.shopee.co.id/6fZYjVegQr","price":106000,"price_original":124706,"discount":15,"image_primary":"https://cf.shopee.co.id/file/49716155a3163f21338096ee34e02ce1"},{"id":2445,"name":"( Bisa COD ) MC girl - Jaket Jeans Premium Warna Merah Maron / Jaket Lepis Polos Warna Jumbo Wanita / Jacket Denim Korean Style","url":"https://s.shopee.co.id/20njAw9ViT","price":113000,"price_original":148684,"discount":24,"image_primary":"https://cf.shopee.co.id/file/2b7c4af17ad22df9c7ccd940f68d45cd"},{"id":2449,"name":"Jaket Jeans Gambar Belakang Wanita / Jacket Denim Snow Blue Gambar Pita Belakang Cewek / Jaket Lepis Pita Goyang Cewe","url":"https://s.shopee.co.id/5VNbLMwBca","price":128000,"price_original":237037,"discount":46,"image_primary":"https://cf.shopee.co.id/file/sg-11134201-23020-konnre7bmhnv89"},{"id":2451,"name":"MC girl - Jaket Jeans Crop Gambar Belakang Wanita / Jaket Lepis Topi Gambar / Jacket Denim Hoodie","url":"https://s.shopee.co.id/AUmHIZ4NJA","price":113000,"price_original":209259,"discount":46,"image_primary":"https://cf.shopee.co.id/file/226125da754d5132a1541d03f5fe9949"},{"id":2452,"name":"HOOLIGANS Denim Jacket Dempsey","url":"https://s.shopee.co.id/804wJyQswg","price":248800,"price_original":497600,"discount":50,"image_primary":"https://cf.shopee.co.id/file/id-11134207-7rbk3-m684pohuztomf2"},{"id":2453,"name":"JAKET JEANS BIONDY | JAKET SLIM FIT LENGAN PANJANG WANITA | KOREAN STYLE","url":"https://s.shopee.co.id/1gAsmKoznY","price":40000,"price_original":100000,"discount":60,"image_primary":"https://cf.shopee.co.id/file/id-11134207-7rbk4-m9rdp1zct44z5e"},{"id":2454,"name":"ODIVA Andya Denim Jacket Unisex Oversize","url":"https://s.shopee.co.id/LfVBsu4VQ","price":579000,"price_original":697590,"discount":17,"image_primary":"https://cf.shopee.co.id/file/id-11134207-7rasa-m60w49qlanme4f"},{"id":2455,"name":"ODIVA Ravel Denim Jacket Wanita","url":"https://s.shopee.co.id/VyvOBtRAT","price":529000,"price_original":661250,"discount":20,"image_primary":"https://cf.shopee.co.id/file/25715167773e7bd40c391e60e307841f"},{"id":2458,"name":"Jaket Jeans Denim BIG Size Original All Variant Jeans Pria Reguler","url":"https://s.shopee.co.id/8pe3JVjdus","price":140000,"price_original":297872,"discount":53,"image_primary":"https://cf.shopee.co.id/file/id-11134207-7rase-m0mksztxss2o03"},{"id":2459,"name":"Used 1968 - Arkana Jaket Jeans Trucker Pria Boxy Fit","url":"https://s.shopee.co.id/8fKd7CkHFr","price":329900,"price_original":532097,"discount":38,"image_primary":"https://cf.shopee.co.id/file/id-11134207-7ra0g-mbm3008v7knrdb"},{"id":2460,"name":"Jaket Jeans Jumbo Big Size Pria Wanita M L, XL, 2xl, ,6xl, 7xl, 8xl, Jaket Jeans Besar","url":"https://s.shopee.co.id/2Vjzls7kmG","price":53400,"price_original":60000,"discount":11,"image_primary":"https://cf.shopee.co.id/file/7c51247bc744218cdf18d4bca843de06"},{"id":2461,"name":"Jam Tangan Pria Belleda 9299 Dual Time Analog digital Anti Air 30 Meter Populer Fashion Wathes","url":"https://s.shopee.co.id/30gGMnWNxd","price":349000,"price_original":484722,"discount":28,"image_primary":"https://cf.shopee.co.id/file/id-11134207-7rbke-m6i0t5w3z8s4f3"},{"id":2462,"name":"Jam Tangan Pria Belleda 9271 Quartz Digital Analog Kulit Water Resistance 30 Meter Man Watches","url":"https://s.shopee.co.id/7plW7gDz9c","price":369000,"price_original":388421,"discount":5,"image_primary":"https://cf.shopee.co.id/file/id-11134207-7rasf-m545vk4v2qs64d"},{"id":2463,"name":"Jam Tangan Pria Belleda 9308 Analog Digital Model Segi Fashion Sporty Watches 50 Meter","url":"https://s.shopee.co.id/7fS5vNEcUb","price":349000,"price_original":894872,"discount":61,"image_primary":"https://cf.shopee.co.id/file/id-11134207-7rash-m5cjqia6zenc2a"},{"id":2464,"name":"Jam Tangan Pria Belleda 9299 Dual Time Analog Digital Stainless steel Water Resistant 3Atm  Watches","url":"https://s.shopee.co.id/6AdI8cKKXS","price":349000,"price_original":459211,"discount":24,"image_primary":"https://cf.shopee.co.id/file/419e68600a459ee1613161aa5c212f1c"},{"id":2465,"name":"[ DISKON ] Jam Tangan Pria Evans Jayden / EJ Series 9953 Rantai Digital Touch Screen","url":"https://s.shopee.co.id/9pWaVM6N6K","price":295536,"price_original":953342,"discount":69,"image_primary":"https://cf.shopee.co.id/file/sg-11134201-7reqd-m8mtophrrjqa4c"},{"id":2466,"name":"[ DISKON ] Evans Jayden Jam Tangan Pria 9954 Rantai Digital Touch Screen Sapphire Glass 3ATM","url":"https://s.shopee.co.id/9fDAJ370RJ","price":295536,"price_original":953342,"discount":69,"image_primary":"https://cf.shopee.co.id/file/sg-11134201-7reni-m8mtkqz6fpxx0a"},{"id":2468,"name":"Original Jam Tangan Dziner 8356 Rubber Digital Water Resistant 10ATM Promo","url":"https://s.shopee.co.id/9KaJuR8H7H","price":236429,"price_original":762674,"discount":69,"image_primary":"https://cf.shopee.co.id/file/sg-11134201-7rd5w-m7n7jqqyexkofd"},{"id":2469,"name":"Jam Tangan Wanita Digital Fashion Tahan Air","url":"https://s.shopee.co.id/7AVpKSTn7c","price":72000,"price_original":80000,"discount":10,"image_primary":"https://cf.shopee.co.id/file/id-11134207-7r98w-lmzif68fhbikcc"},{"id":2470,"name":"Hody - Jam Tangan Anti Air Wanita Pria Digital Sport Watch Unisex Jam Tangan Sporty Waterproof - HWN 04","url":"https://s.shopee.co.id/6psyvqV3na","price":259000,"price_original":297701,"discount":13,"image_primary":"https://cf.shopee.co.id/file/id-11134207-8224y-mgq1nbpz0r2j68"},{"id":2473,"name":"BISA COD-Jam Tangan Wanita Hush Puppies Digital New Model Segi","url":"https://s.shopee.co.id/5L4B95alqR","price":30000,"price_original":150000,"discount":80,"image_primary":"https://cf.shopee.co.id/file/43ff115abccf62a8e61fe8a986cd92a2"},{"id":2481,"name":"SKMEI Kids Jam Tangan Digital Anak - 1721","url":"https://s.shopee.co.id/3fvxA2gZdu","price":81700,"price_original":86000,"discount":5,"image_primary":"https://cf.shopee.co.id/file/id-11134207-7rbk8-m7sb1zcuwc0p06"},{"id":2482,"name":"SKMEI 1614 Jam Tangan Digital Anak","url":"https://s.shopee.co.id/3qFNMLfwIx","price":90250,"price_original":95000,"discount":5,"image_primary":"https://cf.shopee.co.id/file/9781cde0a866b004cebdd77e7aab0d4f"},{"id":2483,"name":"SKMEI 2130 Jam Tangan Digital Sporty Wanita Pria Unisex Anti Air 50M","url":"https://s.shopee.co.id/40YnYefIy0","price":93750,"price_original":125000,"discount":25,"image_primary":"https://cf.shopee.co.id/file/id-11134207-7ra0j-mddygu09lrukec"},{"id":2484,"name":"SKMEI 2249 Jam Tangan Pria Digital Display Alarm LED Light Waterproof 30M","url":"https://s.shopee.co.id/4foULsclcC","price":82794,"price_original":145253,"discount":43,"image_primary":"https://cf.shopee.co.id/file/id-11134207-7ra0p-mcozv8f6iskn80"},{"id":2486,"name":"SMAEL 1237 Original Jam Tangan SPORT Analog Digital Pria Wanita Tahan Air 50 Meter","url":"https://s.shopee.co.id/8zxTVqMGpS","price":128998,"price_original":644990,"discount":80,"image_primary":"https://cf.shopee.co.id/file/id-11134207-7r991-m06g14hyy18scf"},{"id":2487,"name":"SMAEL 8105 Original Jam Tangan SPORT Analog Digital Pria Wanita Tahan Air 50 Meter","url":"https://s.shopee.co.id/9AGti9LdUV","price":129998,"price_original":649990,"discount":80,"image_primary":"https://cf.shopee.co.id/file/id-11134207-7rasi-m5wlczox6mwy79"},{"id":2488,"name":"SMAEL 8049 Original Jam Tangan/Sport Watch Analog Digital Pria Wanita Multifungsi, Tali Silikon, Tahan Air, Bercahaya","url":"https://s.shopee.co.id/9KaJuSL09Y","price":152000,"price_original":660870,"discount":77,"image_primary":"https://cf.shopee.co.id/file/id-11134207-7ra0u-mbqhn02gqkrx59"},{"id":2489,"name":"SMAEL 1545D Original Jam Tangan SPORT Analog Digital Pria Wanita Multifungsi, Tali Silikon, Tahan Air, Bercahaya","url":"https://s.shopee.co.id/9Utk6lKMob","price":130000,"price_original":650000,"discount":80,"image_primary":"https://cf.shopee.co.id/file/id-11134207-7rbkc-m91dbaxphyzi23"},{"id":2490,"name":"SMAEL 8027 Original Jam Tangan SPORT Analog Digital Multifungsi, Tali Silikon, Tahan Air, Bercahaya","url":"https://s.shopee.co.id/9fDAJ4JjTe","price":165000,"price_original":660000,"discount":75,"image_primary":"https://cf.shopee.co.id/file/id-11134207-7ra0h-mcg6874xzikld1"},{"id":2521,"name":"OLBB Vintage T-shirt Band Nirvana Cotton Premium 24s | Kaos band Nirvana Pria Wanita Premium","url":"https://s.shopee.co.id/1BEcBUoGE5","price":117410,"price_original":199000,"discount":41,"image_primary":"https://cf.shopee.co.id/file/id-11134207-8224w-mgd5apf9nggcf3"},{"id":2522,"name":"OLBB Vintage T-shirt The Beathles Band Cotton Premium 24s | Kaos The Beathles Pria Wanita Premium","url":"https://s.shopee.co.id/gILaZqAF0","price":117410,"price_original":199000,"discount":41,"image_primary":"https://cf.shopee.co.id/file/id-11134207-8224y-mgd5apf9q9l816"},{"id":2523,"name":"OLBB Vintage T-shirt Band Ramones Cotton Premium 24s | Kaos Band Ramones Pria Wanita Premium","url":"https://s.shopee.co.id/8AOMWMNc1n","price":117410,"price_original":199000,"discount":41,"image_primary":"https://cf.shopee.co.id/file/id-11134207-82250-mgd5apf9m1vwc4"},{"id":2524,"name":"KAOS BAND THE BEATLES SERIES OLABAMBA [BOOTLEG] 06|Kaos Distro Premium Pria Wanita Warna Hitam Putih | Ukuran S, M, L, XL, XXL, XXXL Nyaman Untuk Segala Aktivitas | Kaos band | kaos the beatles | kaos band the beatles | kaos pria | kaos wanita | vintage","url":"https://s.shopee.co.id/7fS5vRPW2i","price":117410,"price_original":199000,"discount":41,"image_primary":"https://cf.shopee.co.id/file/id-11134207-7r98o-lrhnuhnw0tah6c"},{"id":2525,"name":"Baju Band | Kaos Band | Baju Band Original | Kaos Band Queen OLABAMBA VOL 1","url":"https://s.shopee.co.id/7plW7kOshl","price":117410,"price_original":199000,"discount":41,"image_primary":"https://cf.shopee.co.id/file/id-11134207-7qul1-ljghd91e6oan43"},{"id":2526,"name":"OLBB Vintage T-shirt Band The Beathles Cotton Premium 24s | Kaos The Beathles Pria Wanita Premium","url":"https://s.shopee.co.id/7KpFWpQmig","price":117410,"price_original":199000,"discount":41,"image_primary":"https://cf.shopee.co.id/file/id-11134207-8224x-mgd5apf9hu6k7e"},{"id":2527,"name":"KAOS OBLONG KAOS DISTRO KAOS COMBAD TEBAL BAJU KAOS KOREA KPOP BAND KAOS KEKINIAN KAOS T-SHIRT MEMBER LEE JENO ISTJ EKTROVERT VERS","url":"https://s.shopee.co.id/7V8fj8Q9Nj","price":58500,"price_original":65000,"discount":10,"image_primary":"https://cf.shopee.co.id/file/id-11134207-7r992-lmubefjzlmasd9"},{"id":2528,"name":"KAOS DISTRO KOREA KPOP BAND KAOS KEKINIAN KAOS T-SHIRT MEMBER NA JAEMIN ISTJ EKTROVERT VERS","url":"https://s.shopee.co.id/6VG8XITxPd","price":50000,"price_original":100000,"discount":50,"image_primary":"https://cf.shopee.co.id/file/id-11134207-7r990-lmubkgtfqoip6a"},{"id":2529,"name":"KAOS DISTRO KOREA KPOP BAND KAOS KEKINIAN KAOS T-SHIRT MEMBER HUANG RENJUN ISTJ EKTROVERT VERS","url":"https://s.shopee.co.id/5AkkwqZ27U","price":50000,"price_original":100000,"discount":50,"image_primary":"https://cf.shopee.co.id/file/id-11134207-7r98y-lmubefjzbsbo35"},{"id":2530,"name":"SHIROAPPAREL T-Shirt | Kaos Band | Syifasativa Al Anarkiyah Minal Iman Pria Wanita Cotton Combed 24s","url":"https://s.shopee.co.id/1LY2NoEZgN","price":76250,"price_original":185976,"discount":59,"image_primary":"https://cf.shopee.co.id/file/id-11134207-7rbk7-m6krn8h2kizu16"},{"id":2531,"name":"SHIROAPPAREL T-Shirt | Kaos Band | THE BEATLES V2 Pria Wanita Cotton Combed 24s","url":"https://s.shopee.co.id/9AGtiCkkmu","price":76250,"price_original":185976,"discount":59,"image_primary":"https://cf.shopee.co.id/file/sg-11134201-7rfi4-m48mio77pgmzff"},{"id":2532,"name":"Tomoinc T-Shirt Kaos Band Paramore - Stage","url":"https://s.shopee.co.id/9KaJuWA6Zz","price":147000,"price_original":196000,"discount":25,"image_primary":"https://cf.shopee.co.id/file/id-11134207-7quky-lk6jd2oztumba5"},{"id":2533,"name":"Designation - Kaos BAND RADIOHEAD Oversize Black  Cotton Combed 24s / Tshirt Music POP Rock N Roll Metal Punk Distro Ori Murah / Oversized Hitam Original VINTAGE 90an","url":"https://s.shopee.co.id/10vBzCfpUO","price":83160,"price_original":99000,"discount":16,"image_primary":"https://cf.shopee.co.id/file/id-11134207-7r98q-lltdmtzlxtbo72"},{"id":2534,"name":"Straight Vision - Chaos Longsleeve T-Shirt | Baju Kaos | Tees Band Metal","url":"https://s.shopee.co.id/1BEcBVfC9R","price":94500,"price_original":201064,"discount":53,"image_primary":"https://cf.shopee.co.id/file/id-11134201-23030-8oxkqx1e8wovfb"},{"id":2535,"name":"Straight Vision - Devil Hand T-Shirt | Baju Kaos | Tees Band Metal","url":"https://s.shopee.co.id/6VG8XJYQyO","price":80000,"price_original":186047,"discount":57,"image_primary":"https://cf.shopee.co.id/file/fcfb7016d89fcf9110d7d953202b03a5"},{"id":2536,"name":"Kaos Metallica Band Pria Wanita S, M, L, XL Tshirt Legend Rock Metal Band Lengan Pendek Surabaya","url":"https://s.shopee.co.id/6AdI8hZheM","price":102000,"price_original":120000,"discount":15,"image_primary":"https://cf.shopee.co.id/file/f1489d5f79b1865eab8f4a659e2e25d2"},{"id":2537,"name":"Straight Vision - Holgram T-Shirt | Baju Kaos | Tees Band Metal","url":"https://s.shopee.co.id/60JrwOaKzL","price":80000,"price_original":222222,"discount":64,"image_primary":"https://cf.shopee.co.id/file/id-11134207-7r98q-lr790vh3y4hy6c"},{"id":2538,"name":"kaos band musik punk hitam distro","url":"https://s.shopee.co.id/5VNbLTcF0I","price":49400,"price_original":95000,"discount":48,"image_primary":"https://cf.shopee.co.id/file/id-11134207-7r98s-lna56l61aul23c"},{"id":2539,"name":"kaos musik band luar streetpunk distro","url":"https://s.shopee.co.id/5L4B9AcsLH","price":49400,"price_original":95000,"discount":48,"image_primary":"https://cf.shopee.co.id/file/id-11134207-7r98x-lna5sgo92rti62"},{"id":2540,"name":"Strawbery Pill Hardcore - Tshirt Black New Merchandise - Kaos Band Hardcore Musik/Kaos Hc kaos band durgahayu - anti cop Tshirt hardcore band /new merch / kaos band hardcore /Tshirt black hardcore musik","url":"https://s.shopee.co.id/AKSr6MJqCH","price":39600,"price_original":110000,"discount":64,"image_primary":"https://cf.shopee.co.id/file/id-11134207-7rbk9-m8csecyfj0vsa9"},{"id":2542,"name":"BANDAR KAOS BAND SUKATANI TWISTER ANGEL - KAOS METAL TERLARIS - KAOS BAND INDONESIA - T-SHIRT PRIA - ATASAN PRIA DAN WANITA -  KAOS DISTRO TERBARU -  KAOS PRIA - KAOS VINTAGE - BAJU SKENA -  BISA BAYAR DITEMPAT ( COD )","url":"https://s.shopee.co.id/AKSr6QEAY8","price":40066,"price_original":125206,"discount":68,"image_primary":"https://cf.shopee.co.id/file/id-11134207-7rbk1-m8x4sqsr4wsb36"},{"id":2543,"name":"Kaos band murah full coton","url":"https://s.shopee.co.id/AUmHIjDXDB","price":39900,"price_original":70000,"discount":43,"image_primary":"https://cf.shopee.co.id/file/id-11134207-81zto-mf938cjtp24s91"},{"id":2545,"name":"Kaos Band Bootleg Band Basic T-shirt Hydro 24s Green Day | Manual Screen Printing","url":"https://s.shopee.co.id/8zxTVyWRbM","price":128000,"price_original":200000,"discount":36,"image_primary":"https://cf.shopee.co.id/file/id-11134207-81ztq-me73s9d9rbid77"},{"id":2546,"name":"EMINEM KAOS BAND KAOS BAND TSHIRT OVERSIZE UNISEX HITAM - TFLIKS","url":"https://s.shopee.co.id/5q0RkA3fnc","price":114000,"price_original":200000,"discount":43,"image_primary":"https://cf.shopee.co.id/file/id-11134207-7rbk8-m95pb0osd2ij81"},{"id":2547,"name":"METALLICA EUROPE TOUR 2022 Ver1  KAOS BAND TSHIRT OVERSIZE UNISEX HITAM - TFLIKS","url":"https://s.shopee.co.id/5fh1Xr4J8b","price":114000,"price_original":200000,"discount":43,"image_primary":"https://cf.shopee.co.id/file/id-11134207-7rbkb-m9bcfdykz8ci41"},{"id":2548,"name":"WIZ KHALIFA KAOS BAND TSHIRT OVERSIZE UNISEX HITAM - TFLIKS","url":"https://s.shopee.co.id/5VNbLY4wTa","price":115500,"price_original":210000,"discount":45,"image_primary":"https://cf.shopee.co.id/file/id-11134207-7ra0l-mcj2mvum3kn045"},{"id":2549,"name":"GORILLAZ KAOS BAND TSHIRT OVERSIZE UNISEX HITAM - TFLIKS","url":"https://s.shopee.co.id/5L4B9F5ZoZ","price":132000,"price_original":200000,"discount":34,"image_primary":"https://cf.shopee.co.id/file/id-11134207-7rbk7-ma3zc22yjz1ve0"},{"id":2550,"name":"HATEBREED KAOS BAND HARDCORE TSHIRT OVERSIZE UNISEX HITAM - TFLIKS","url":"https://s.shopee.co.id/6VG8XO18Ro","price":132300,"price_original":210000,"discount":37,"image_primary":"https://cf.shopee.co.id/file/id-11134207-8224t-mg7ncdngelft66"},{"id":2551,"name":"Orora Kaos Pria Lengan Pendek Korea Im Fine - T-shirt Unisex Baju Sablon High Quality ORKL 28","url":"https://s.shopee.co.id/6AdI8pAGap","price":116609,"price_original":298997,"discount":61,"image_primary":"https://cf.shopee.co.id/file/id-11134201-7rase-m49vmlvg4l6i1f"},{"id":2552,"name":"ORORA Kaos Wanita Korean Style - Baju Wanita Korean Style - baju cewek kekinian korea style - Samurai Cats ORSC","url":"https://s.shopee.co.id/5fh1XuCAbk","price":119600,"price_original":299000,"discount":60,"image_primary":"https://cf.shopee.co.id/file/id-11134201-7ras8-m49vldparmns56"},{"id":2553,"name":"ORORA T-shirt Bottle Drink Kaos Korea Cotton Premium 24s | Kaos Pria Wanita Korean Style ORKL 45","url":"https://s.shopee.co.id/5q0RkDBXGn","price":119600,"price_original":299000,"discount":60,"image_primary":"https://cf.shopee.co.id/file/id-11134207-82251-mgbnhi6p1hjdfa"},{"id":2554,"name":"ORORA Kaos Wanita Korea Cute Cat | T-shirt Korean Style Cotton Premium 24s | Cute Cat ORC 24","url":"https://s.shopee.co.id/5L4B9IDRHi","price":119600,"price_original":299000,"discount":60,"image_primary":"https://cf.shopee.co.id/file/id-11134207-8224t-mgbviknsi4ne99"},{"id":2555,"name":"ORORA T-shirt Korea Cute Dino Cotton Premium 24s | Kaos Cute Dino Wanita Korean Style | ORKL 69","url":"https://s.shopee.co.id/5VNbLbCnwl","price":119600,"price_original":299000,"discount":60,"image_primary":"https://cf.shopee.co.id/file/id-11134201-7rasf-m49vqm471oyh67"},{"id":2556,"name":"Orora Kaos Pria Lengan Pendek Korea Art Fake Happines - Baju Distro T-shirt Pria Atasan ORKL 75","url":"https://s.shopee.co.id/AUmHImtlnl","price":119600,"price_original":299000,"discount":60,"image_primary":"https://cf.shopee.co.id/file/id-11134201-7rash-m49vkbfyr5be85"},{"id":2557,"name":"Orora Kaos Pria Premium Korea Sandal Selow - Baju Atasan Sablon High Quality Unisex Original ORKL 86","url":"https://s.shopee.co.id/9zq0hrvfog","price":119600,"price_original":299000,"discount":60,"image_primary":"https://cf.shopee.co.id/file/id-11134201-7ras9-m49vkoqvaduh65"},{"id":2558,"name":"ORORA Kaos Wanita Korea Its Okay Smile | T-shirt Korean Style Premium Cotton 24s | ORKL 100","url":"https://s.shopee.co.id/AA9QuAv2Tj","price":122590,"price_original":299000,"discount":59,"image_primary":"https://cf.shopee.co.id/file/id-11134201-7rasc-m49vddeqnclj96"},{"id":2559,"name":"COD Kaos T-Shirt Pria Motif Elegan Amerika Musim Panas 2025, Atasan Premium Berkesan Korea.","url":"https://s.shopee.co.id/8Khmio21CW","price":122778,"price_original":188889,"discount":35,"image_primary":"https://cf.shopee.co.id/file/id-11134207-7rbk8-ma44k38sl744b9"},{"id":2560,"name":"Orora Kaos Lengan Pendek Pria Wanita Korea Cute Cat - T-shirt Cotton Combed 24s High Quality ORKL 67","url":"https://s.shopee.co.id/1VrSaFS24N","price":119600,"price_original":299000,"discount":60,"image_primary":"https://cf.shopee.co.id/file/id-11134201-7rasm-m49vplqka5yy37"},{"id":2561,"name":"KAOS OBLONG KAOS DISTRO KAOS COMBAD TEBAL BAJU KAOS KOREA KPOP BAND KAOS KEKINIAN KAOS T-SHIRT MEMBER LEE JENO ISTJ EKTROVERT VERS","url":"https://s.shopee.co.id/10vBzKTw5I","price":58500,"price_original":65000,"discount":10,"image_primary":"https://cf.shopee.co.id/file/id-11134207-7r992-lmubefjzlmasd9"},{"id":2562,"name":"KAOS TEMA KUPU KUPU DAN GAMBAR BUTTERFLY KAOS OBLONG KAOS PEREMPUAN DAN KAOS PRIA KAOS DISTRO KAOS COMBAD TEBAL BAJU KAOS JEPANG KAOS KOREA KAOS KEREN KAOS RETRO KAOS KEKINIAN KAOS T-SHIRT AESTHETIC 207","url":"https://s.shopee.co.id/1BEcBdTIkL","price":50000,"price_original":100000,"discount":50,"image_primary":"https://cf.shopee.co.id/file/id-11134207-7r98u-lnnqawhgq25736"},{"id":2563,"name":"KAOS OBLONG KAOS PEREMPUAN DAN KAOS PRIA KAOS DISTRO KAOS COMBAD TEBAL BAJU KAOS KOREA KAOS KEREN KAOS RETRO KAOS KEKINIAN KAOS NANAS T-SHIRT AESTHETIC 81","url":"https://s.shopee.co.id/gILaiVClG","price":58500,"price_original":65000,"discount":10,"image_primary":"https://cf.shopee.co.id/file/id-11134207-7r98q-ln8kg7iv6dxo92"},{"id":2564,"name":"KAOS GAMBAR PETIR  LOGO FLASH KARAKTER MARVEL PEREMPUAN DAN  PRIA DISTRO  TEBAL BAJU KOREA","url":"https://s.shopee.co.id/12enUXk7C","price":58500,"price_original":65000,"discount":10,"image_primary":"https://cf.shopee.co.id/file/id-11134207-7r98w-lnmb9gdsi07017"},{"id":2565,"name":"KAOS GAMBAR FILM DISNEY UP KAOS GAMBAR BALON KAOS ADVENTURE KAOS OBLONG KAOS PEREMPUAN DAN KAOS PRIA KAOS DISTRO KAOS COMBAD TEBAL BAJU KAOS JEPANG KAOS KOREA KAOS KEREN KAOS RETRO KAOS KEKINIAN KAOS T-SHIRT AESTHETIC 221","url":"https://s.shopee.co.id/BM4znX6mF","price":58500,"price_original":65000,"discount":10,"image_primary":"https://cf.shopee.co.id/file/id-11134207-7r991-lnnsxb8n4w3rcb"},{"id":2566,"name":"NANAS BUAH BUAHAN KAOS OBLONG KAOS PEREMPUAN DAN KAOS PRIA KAOS DISTRO KAOS COMBAD TEBAL BAJU KAOS KOREA KAOS KEREN KAOS RETRO KAOS KEKINIAN KAOS NANAS T-SHIRT AESTHETIC 80 ATASAN","url":"https://s.shopee.co.id/4q7uYNFLJD","price":58500,"price_original":65000,"discount":10,"image_primary":"https://cf.shopee.co.id/file/id-11134207-7r98q-ln6wnklhm9xd69"},{"id":2567,"name":"KAOS DISTRO KOREA KPOP BAND KAOS KEKINIAN KAOS T-SHIRT MEMBER NA JAEMIN ISTJ EKTROVERT VERS","url":"https://s.shopee.co.id/VyvOPilOL","price":50000,"price_original":100000,"discount":50,"image_primary":"https://cf.shopee.co.id/file/id-11134207-7r990-lmubkgtfqoip6a"},{"id":2568,"name":"KAOS DISTRO KOREA KPOP BAND KAOS KEKINIAN KAOS T-SHIRT MEMBER HUANG RENJUN ISTJ EKTROVERT VERS","url":"https://s.shopee.co.id/5fh1XuP5uq","price":50000,"price_original":100000,"discount":50,"image_primary":"https://cf.shopee.co.id/file/id-11134207-7r98y-lmubefjzbsbo35"},{"id":2569,"name":"Herlin Collection_BAJU COUPLE T-SHIRT FASHION PRINTING KATUN 20s 100% IMPORTIR KOREA OVERSIZE NORMAL STYLE","url":"https://s.shopee.co.id/2LQZZnFRyv","price":40634,"price_original":72561,"discount":44,"image_primary":"https://cf.shopee.co.id/file/sg-11134201-7rccu-lsi8rot5nxdwd4"},{"id":2570,"name":"Weenel T-Shirt Oversize Adore Korea Boy","url":"https://s.shopee.co.id/qbln2LA1m","price":140000,"price_original":350000,"discount":60,"image_primary":"https://cf.shopee.co.id/file/id-11134207-81ztd-mfm9nth1nrih5d"},{"id":2572,"name":"COD Kaos T-Shirt Pendek Pria Desain Korea 2025, Casual, Retro Elegan, Katun Premium, Atasan Putih.","url":"https://s.shopee.co.id/5q0RkEG56f","price":122778,"price_original":188889,"discount":35,"image_primary":"https://cf.shopee.co.id/file/id-11134207-7rbkc-ma43si5iae49f4"}]